l_shoulder,r_shoulder,l_elbow,r_elbow,l_wrist,r_wrist,l_hip,r_hip
"[1054.6920166015625, 308.54864501953125]","[848.2083740234375, 306.9597473144531]","[1078.202880859375, 481.7395935058594]","[812.5257568359375, 480.9720153808594]","[1084.6805419921875, 632.89111328125]","[803.4935302734375, 631.5213623046875]","[1011.3576049804688, 643.3350219726562]","[871.9576416015625, 639.5985107421875]"
"[1054.790771484375, 311.2299499511719]","[845.933349609375, 306.7720947265625]","[1079.86279296875, 484.0750732421875]","[812.6246337890625, 480.8513488769531]","[1081.09375, 629.5309448242188]","[803.6511840820312, 627.8610229492188]","[1011.0469970703125, 639.788330078125]","[870.891357421875, 637.5353393554688]"
"[1055.3685302734375, 308.6707763671875]","[851.0718383789062, 306.49151611328125]","[1078.302734375, 481.4750061035156]","[813.1727294921875, 479.4444580078125]","[1084.507080078125, 631.6422119140625]","[803.1251220703125, 626.5994873046875]","[1011.0624389648438, 643.0799560546875]","[873.084716796875, 639.1279907226562]"
"[1055.4681396484375, 309.1751708984375]","[851.0912475585938, 306.2976379394531]","[1077.2484130859375, 481.5837707519531]","[813.201416015625, 478.2853088378906]","[1083.4969482421875, 631.772216796875]","[802.414306640625, 625.082275390625]","[1010.7052001953125, 643.192626953125]","[872.5475463867188, 638.8966674804688]"
"[1055.931396484375, 309.07000732421875]","[850.9480590820312, 305.1942443847656]","[1077.6717529296875, 482.086181640625]","[812.6783447265625, 476.30242919921875]","[1086.845458984375, 632.1212158203125]","[801.8724975585938, 623.8073120117188]","[1010.814697265625, 642.4260864257812]","[872.40087890625, 637.9803466796875]"
"[1056.4649658203125, 310.5558166503906]","[847.3493041992188, 303.36651611328125]","[1080.16845703125, 484.9796142578125]","[811.62060546875, 475.7632141113281]","[1081.898681640625, 628.8963012695312]","[802.0604248046875, 620.9757080078125]","[1010.685546875, 638.746826171875]","[870.4173583984375, 635.462158203125]"
"[1056.558349609375, 310.02459716796875]","[847.7093505859375, 302.38385009765625]","[1080.226806640625, 485.0464782714844]","[811.4368286132812, 474.64166259765625]","[1081.497802734375, 629.9609985351562]","[801.3736572265625, 619.9035034179688]","[1010.5701904296875, 638.7728271484375]","[870.5029296875, 635.3651123046875]"
"[1056.85302734375, 309.16693115234375]","[849.33642578125, 303.2398376464844]","[1080.0450439453125, 484.377685546875]","[809.205078125, 473.2585144042969]","[1084.6475830078125, 629.6046142578125]","[800.9354248046875, 618.5549926757812]","[1010.856201171875, 638.669189453125]","[871.304931640625, 634.7866821289062]"
"[1056.9285888671875, 309.07684326171875]","[849.52685546875, 301.88140869140625]","[1080.0350341796875, 484.6585693359375]","[808.1572265625, 469.28594970703125]","[1084.262939453125, 630.1016845703125]","[799.2572021484375, 613.93408203125]","[1010.4413452148438, 639.0660400390625]","[871.003662109375, 634.7899780273438]"
"[1057.2667236328125, 308.57586669921875]","[850.230224609375, 300.0521240234375]","[1079.95947265625, 484.7388610839844]","[806.046630859375, 464.9678649902344]","[1084.0108642578125, 630.0038452148438]","[796.6583862304688, 608.9122314453125]","[1010.1531982421875, 639.10546875]","[871.0703125, 634.5155639648438]"
"[1058.0052490234375, 309.1368408203125]","[848.3955688476562, 296.1938781738281]","[1079.6934814453125, 482.93365478515625]","[803.8020629882812, 463.64013671875]","[1079.70849609375, 631.2855834960938]","[795.7879638671875, 602.0601806640625]","[1009.421630859375, 633.6347045898438]","[870.7091674804688, 628.675048828125]"
"[1058.5394287109375, 308.6098327636719]","[848.9736328125, 294.7279968261719]","[1079.7982177734375, 482.95233154296875]","[801.9334716796875, 461.36883544921875]","[1079.786376953125, 631.8833618164062]","[792.7857055664062, 601.3128662109375]","[1008.820068359375, 633.3073120117188]","[870.1773681640625, 628.0877685546875]"
"[1058.409912109375, 308.31396484375]","[848.8082275390625, 293.5829772949219]","[1080.030029296875, 482.4033508300781]","[799.2142333984375, 458.7294921875]","[1080.6322021484375, 631.839599609375]","[784.7239379882812, 598.0829467773438]","[1008.6265869140625, 632.8933715820312]","[870.19189453125, 627.183837890625]"
"[1058.593994140625, 308.3035888671875]","[849.2864990234375, 292.97808837890625]","[1080.7230224609375, 481.11358642578125]","[797.9349975585938, 454.5123596191406]","[1080.68798828125, 630.8295288085938]","[777.5831298828125, 591.048095703125]","[1008.6915893554688, 632.6947631835938]","[870.4473266601562, 626.656982421875]"
"[1058.8931884765625, 308.65545654296875]","[848.5614013671875, 292.05340576171875]","[1081.1099853515625, 481.87054443359375]","[794.8253173828125, 451.2464904785156]","[1081.086669921875, 631.342529296875]","[773.8361206054688, 583.386962890625]","[1008.147216796875, 633.4693603515625]","[869.329833984375, 626.963134765625]"
"[1059.3486328125, 308.75390625]","[848.5841674804688, 290.8272705078125]","[1081.62548828125, 482.64947509765625]","[791.130859375, 448.35260009765625]","[1081.92236328125, 631.8065185546875]","[771.02880859375, 579.212890625]","[1008.0507202148438, 634.2787475585938]","[869.0067138671875, 627.2605590820312]"
"[1059.40478515625, 308.67724609375]","[848.821044921875, 289.06884765625]","[1082.2891845703125, 482.79949951171875]","[788.5684814453125, 441.3642883300781]","[1081.96044921875, 632.1666870117188]","[765.8145751953125, 569.01171875]","[1007.878662109375, 634.1006469726562]","[868.9847412109375, 626.511474609375]"
"[1059.737060546875, 309.0143127441406]","[848.7515258789062, 288.54803466796875]","[1082.6639404296875, 482.9810485839844]","[784.835693359375, 438.11468505859375]","[1082.0272216796875, 631.326171875]","[762.6182861328125, 559.04736328125]","[1008.1616821289062, 635.2092895507812]","[869.0965576171875, 627.3429565429688]"
"[1059.6259765625, 308.9749450683594]","[849.049560546875, 287.665283203125]","[1082.80029296875, 483.6951904296875]","[781.7296142578125, 435.9481201171875]","[1082.1573486328125, 632.1612548828125]","[762.1812744140625, 550.80126953125]","[1007.4423828125, 635.8314208984375]","[868.6790771484375, 627.8737182617188]"
"[1059.570068359375, 309.00079345703125]","[849.3015747070312, 286.56842041015625]","[1082.9815673828125, 483.7823181152344]","[781.437744140625, 431.9910888671875]","[1083.0916748046875, 632.0592041015625]","[761.8449096679688, 541.970458984375]","[1007.6962280273438, 635.3941650390625]","[869.0888671875, 626.9769287109375]"
"[1059.337158203125, 309.3797607421875]","[849.4537353515625, 286.1578369140625]","[1082.9114990234375, 484.50921630859375]","[780.381591796875, 429.2128601074219]","[1083.318603515625, 631.9344482421875]","[763.68798828125, 533.918701171875]","[1007.4410400390625, 636.0993041992188]","[869.0645751953125, 627.4730834960938]"
"[1059.4874267578125, 308.8700866699219]","[849.3314208984375, 285.62152099609375]","[1083.433349609375, 484.56298828125]","[778.9544677734375, 428.5069885253906]","[1083.3643798828125, 632.2767944335938]","[766.656494140625, 527.17724609375]","[1007.9827880859375, 635.746826171875]","[869.426513671875, 627.1673583984375]"
"[1058.6611328125, 308.7003173828125]","[849.8309326171875, 284.4202575683594]","[1082.63232421875, 484.8199768066406]","[777.261474609375, 423.07330322265625]","[1083.9942626953125, 631.435791015625]","[774.96826171875, 510.8958435058594]","[1006.9927368164062, 635.506103515625]","[869.3138427734375, 626.7327880859375]"
"[1058.2291259765625, 308.46258544921875]","[849.9111328125, 283.5246276855469]","[1082.311767578125, 484.3166198730469]","[777.922119140625, 420.6259765625]","[1083.544677734375, 631.5193481445312]","[781.30517578125, 507.715576171875]","[1005.8941040039062, 634.980224609375]","[868.6605224609375, 626.191650390625]"
"[1057.454345703125, 308.29388427734375]","[850.2775268554688, 281.7177429199219]","[1081.6124267578125, 484.52093505859375]","[779.6868896484375, 415.91546630859375]","[1083.8228759765625, 632.1355590820312]","[786.0281982421875, 499.323974609375]","[1003.720458984375, 634.41455078125]","[867.1407470703125, 625.031982421875]"
"[1057.072265625, 308.3625183105469]","[850.227294921875, 281.1380310058594]","[1081.7015380859375, 484.38525390625]","[778.4830322265625, 412.3301696777344]","[1083.6961669921875, 631.7864990234375]","[791.3121337890625, 491.4269714355469]","[1003.0962524414062, 634.249267578125]","[866.7504272460938, 624.7061767578125]"
"[1056.51416015625, 308.592041015625]","[849.409423828125, 281.39398193359375]","[1081.27099609375, 484.355712890625]","[779.5177001953125, 411.673095703125]","[1082.93798828125, 632.4959106445312]","[797.4212036132812, 486.2262268066406]","[1002.61181640625, 633.7977905273438]","[866.0143432617188, 624.4920654296875]"
"[1055.920166015625, 308.23492431640625]","[849.3787841796875, 280.39727783203125]","[1081.404052734375, 484.1954345703125]","[780.445068359375, 409.09600830078125]","[1082.889404296875, 633.5860595703125]","[804.0670166015625, 482.07586669921875]","[1002.1646118164062, 632.5869750976562]","[866.030029296875, 623.1009521484375]"
"[1055.636962890625, 308.24951171875]","[849.6390380859375, 280.5301208496094]","[1080.9615478515625, 484.4550476074219]","[780.806396484375, 409.0707092285156]","[1081.9471435546875, 634.5325317382812]","[813.2257690429688, 477.63470458984375]","[1002.038818359375, 632.1822509765625]","[866.2662353515625, 622.9666748046875]"
"[1055.419189453125, 308.06378173828125]","[849.7957763671875, 280.2644348144531]","[1080.931884765625, 484.2373046875]","[782.3974609375, 408.50830078125]","[1081.42919921875, 635.203125]","[820.882080078125, 475.28509521484375]","[1001.6339111328125, 631.0496826171875]","[866.26025390625, 621.8873901367188]"
"[1055.14501953125, 307.32025146484375]","[850.7916259765625, 280.0264587402344]","[1080.870849609375, 484.1005859375]","[785.410400390625, 407.99310302734375]","[1080.6248779296875, 635.3592529296875]","[826.0516357421875, 471.40875244140625]","[1001.9551391601562, 629.462890625]","[867.47900390625, 620.5647583007812]"
"[1055.2305908203125, 306.6722412109375]","[851.0220336914062, 280.4485778808594]","[1080.9534912109375, 482.77044677734375]","[788.4710083007812, 408.6571044921875]","[1079.8619384765625, 634.4151611328125]","[832.9661865234375, 466.253173828125]","[1003.1812133789062, 628.5697021484375]","[868.4801025390625, 619.7785034179688]"
"[1054.91650390625, 305.72454833984375]","[851.1695556640625, 279.7149353027344]","[1080.955078125, 482.27984619140625]","[790.010009765625, 408.4459533691406]","[1079.88037109375, 634.73046875]","[842.3045654296875, 459.8844909667969]","[1002.805908203125, 627.117431640625]","[868.4599609375, 618.285400390625]"
"[1055.2919921875, 305.1544189453125]","[851.4453125, 278.49005126953125]","[1081.324462890625, 481.6566162109375]","[793.6807861328125, 403.6158447265625]","[1079.2607421875, 634.0984497070312]","[857.6661376953125, 447.81524658203125]","[1002.8289184570312, 626.328125]","[868.08642578125, 617.064453125]"
"[1055.847412109375, 304.6998291015625]","[851.300048828125, 278.3339538574219]","[1081.56640625, 481.21600341796875]","[796.4694213867188, 403.5045166015625]","[1079.62158203125, 634.8942260742188]","[863.5345458984375, 443.92596435546875]","[1003.0446166992188, 625.9391479492188]","[867.6287841796875, 616.702392578125]"
"[1055.63525390625, 304.9739990234375]","[851.8841552734375, 277.14556884765625]","[1081.1842041015625, 481.3074951171875]","[799.4404296875, 399.0085144042969]","[1079.4285888671875, 635.052734375]","[871.3824462890625, 440.8314514160156]","[1002.7875366210938, 626.4521484375]","[867.521240234375, 616.9039306640625]"
"[1055.80419921875, 300.1159973144531]","[851.8873901367188, 279.4573059082031]","[1082.4720458984375, 481.5383605957031]","[803.4310913085938, 396.9051818847656]","[1081.60986328125, 631.7207641601562]","[886.085693359375, 433.44195556640625]","[1004.5808715820312, 629.6541748046875]","[867.746826171875, 623.298583984375]"
"[1056.338134765625, 299.28997802734375]","[852.7464599609375, 278.86114501953125]","[1082.9169921875, 481.56060791015625]","[806.0242309570312, 396.3885498046875]","[1081.139404296875, 630.949462890625]","[894.3406982421875, 427.2691955566406]","[1005.009521484375, 631.1295776367188]","[867.969482421875, 624.6383056640625]"
"[1055.9169921875, 299.15582275390625]","[854.47314453125, 278.1693115234375]","[1082.5751953125, 481.4728088378906]","[811.3861083984375, 393.22869873046875]","[1080.4581298828125, 630.5850219726562]","[903.511962890625, 423.8603210449219]","[1004.689453125, 630.1812744140625]","[868.99365234375, 623.4541015625]"
"[1055.273681640625, 298.282958984375]","[854.9675903320312, 277.5504150390625]","[1081.777587890625, 480.7081604003906]","[813.3352661132812, 392.6336975097656]","[1080.319091796875, 631.1129760742188]","[913.1881713867188, 416.9189758300781]","[1004.8643188476562, 629.968994140625]","[869.78173828125, 623.520751953125]"
"[1055.3277587890625, 298.2698059082031]","[856.0534057617188, 277.16943359375]","[1081.849609375, 480.46612548828125]","[817.807861328125, 388.8767395019531]","[1079.856201171875, 631.1980590820312]","[921.533203125, 407.244873046875]","[1005.15478515625, 629.1065673828125]","[870.4608764648438, 622.3336181640625]"
"[1055.357421875, 298.35211181640625]","[857.4283447265625, 276.5475769042969]","[1081.52197265625, 480.1831970214844]","[821.3300170898438, 384.73040771484375]","[1079.652587890625, 630.7589111328125]","[925.225830078125, 402.5984802246094]","[1004.9771118164062, 629.1324462890625]","[870.95068359375, 622.1654663085938]"
"[1054.796142578125, 298.70379638671875]","[857.97998046875, 275.5333251953125]","[1081.21728515625, 479.9124755859375]","[821.7178344726562, 378.565673828125]","[1079.3966064453125, 630.23046875]","[928.0167846679688, 394.99481201171875]","[1004.6358032226562, 629.09228515625]","[871.2442016601562, 621.795654296875]"
"[1054.5888671875, 298.08978271484375]","[858.129150390625, 274.62884521484375]","[1081.445556640625, 479.7623291015625]","[822.6754150390625, 375.9420166015625]","[1079.2672119140625, 630.552978515625]","[932.998291015625, 387.71368408203125]","[1004.6321411132812, 629.5101318359375]","[871.4968872070312, 622.182373046875]"
"[1054.2017822265625, 298.0558776855469]","[858.1282958984375, 274.2665710449219]","[1081.8179931640625, 480.0603332519531]","[824.7047119140625, 373.6463623046875]","[1080.2896728515625, 630.893798828125]","[937.3602905273438, 379.68585205078125]","[1004.5478515625, 629.0179443359375]","[871.7132568359375, 621.686767578125]"
"[1054.5142822265625, 297.5057373046875]","[857.9111938476562, 274.552978515625]","[1082.50390625, 479.9339904785156]","[825.469970703125, 373.054931640625]","[1080.4443359375, 631.375732421875]","[941.2557373046875, 367.61376953125]","[1005.0012817382812, 628.5496826171875]","[871.861572265625, 621.5419311523438]"
"[1054.266357421875, 297.67645263671875]","[857.660888671875, 274.98492431640625]","[1082.246337890625, 478.8483581542969]","[826.3541259765625, 371.4017028808594]","[1081.6904296875, 630.8811645507812]","[944.8807983398438, 360.0683898925781]","[1004.9013061523438, 628.5243530273438]","[871.7634887695312, 621.7318115234375]"
"[1054.2022705078125, 298.5271911621094]","[858.2847290039062, 274.6871337890625]","[1082.4805908203125, 479.1871337890625]","[828.56298828125, 365.8916931152344]","[1082.22705078125, 631.060302734375]","[946.742919921875, 354.26177978515625]","[1005.3411254882812, 630.0398559570312]","[872.3690185546875, 622.9578857421875]"
"[1054.14306640625, 299.964599609375]","[858.3898315429688, 275.06195068359375]","[1082.0906982421875, 479.0007019042969]","[828.5435791015625, 360.4327392578125]","[1083.389892578125, 630.713623046875]","[950.6954956054688, 347.07733154296875]","[1005.7644653320312, 630.5452880859375]","[872.6092529296875, 623.3197021484375]"
"[1053.433349609375, 300.75958251953125]","[858.0140991210938, 275.2117919921875]","[1081.9193115234375, 478.2499694824219]","[830.667236328125, 355.2626953125]","[1084.135009765625, 629.4171142578125]","[952.4432373046875, 338.1363830566406]","[1005.650634765625, 630.772705078125]","[872.581787109375, 623.4871826171875]"
"[1053.2767333984375, 301.4674377441406]","[858.27978515625, 275.3670654296875]","[1082.4344482421875, 478.8692321777344]","[831.8602294921875, 352.7573547363281]","[1084.9886474609375, 629.8836059570312]","[958.278564453125, 331.2992248535156]","[1005.2283325195312, 632.5274658203125]","[872.4966430664062, 625.1365966796875]"
"[1052.4481201171875, 301.77362060546875]","[858.2794189453125, 275.43780517578125]","[1082.59228515625, 479.15277099609375]","[835.2960205078125, 351.025390625]","[1084.807373046875, 629.4056396484375]","[963.8394775390625, 323.34918212890625]","[1005.667236328125, 632.0170288085938]","[873.314697265625, 624.66064453125]"
"[1051.790771484375, 301.4142761230469]","[857.7530517578125, 274.0621337890625]","[1081.899169921875, 479.3345031738281]","[838.3621215820312, 346.5198059082031]","[1084.2908935546875, 630.5761108398438]","[967.4899291992188, 318.7825927734375]","[1005.6522216796875, 632.041015625]","[873.0589599609375, 624.5162353515625]"
"[1051.13720703125, 302.00048828125]","[857.71728515625, 273.6607666015625]","[1081.529296875, 480.0716552734375]","[840.5869140625, 342.74993896484375]","[1084.512451171875, 631.0423583984375]","[972.7432250976562, 311.6947021484375]","[1004.5885620117188, 632.4925537109375]","[872.1439208984375, 624.8005981445312]"
"[1050.712646484375, 302.40557861328125]","[857.4803466796875, 273.3741760253906]","[1081.6094970703125, 482.1101989746094]","[844.7308959960938, 341.2127380371094]","[1084.227294921875, 633.0379028320312]","[983.3845825195312, 303.3431396484375]","[1003.885498046875, 632.2880249023438]","[871.3222045898438, 624.5573120117188]"
"[1049.47412109375, 301.5775451660156]","[857.29833984375, 272.2736511230469]","[1081.035400390625, 481.168212890625]","[847.6173095703125, 339.352783203125]","[1083.947998046875, 633.4293212890625]","[986.267578125, 298.53851318359375]","[1003.4776611328125, 631.1654052734375]","[871.27001953125, 623.3175659179688]"
"[1049.073974609375, 302.6179504394531]","[856.70751953125, 272.83837890625]","[1080.7845458984375, 481.2900695800781]","[851.8189086914062, 337.07708740234375]","[1083.3663330078125, 633.27685546875]","[990.6341552734375, 291.1026306152344]","[1003.5236206054688, 631.7540283203125]","[870.6773071289062, 623.8565673828125]"
"[1048.714111328125, 300.15386962890625]","[857.0906982421875, 271.4613037109375]","[1080.11328125, 479.4476623535156]","[855.47998046875, 335.5923767089844]","[1083.2353515625, 632.85595703125]","[995.9111938476562, 279.0858154296875]","[1003.2449340820312, 630.177001953125]","[870.7420654296875, 622.8569946289062]"
"[1049.20654296875, 296.6666259765625]","[857.349853515625, 268.76611328125]","[1079.991455078125, 475.9151916503906]","[857.442626953125, 332.1446533203125]","[1082.82666015625, 630.3226318359375]","[1002.018798828125, 270.15216064453125]","[1003.212646484375, 629.2194213867188]","[870.414794921875, 621.9441528320312]"
"[1048.9273681640625, 298.61773681640625]","[858.3958740234375, 268.9197998046875]","[1079.270751953125, 477.9986572265625]","[858.750732421875, 325.41937255859375]","[1082.2095947265625, 630.9322509765625]","[1004.8955078125, 258.45794677734375]","[1002.70947265625, 629.954833984375]","[870.763916015625, 622.3814697265625]"
"[1048.63330078125, 300.6658630371094]","[857.5991821289062, 269.5040283203125]","[1079.29638671875, 479.9457092285156]","[860.61669921875, 319.9078369140625]","[1082.5906982421875, 630.8516235351562]","[1007.3637084960938, 245.3524932861328]","[1002.4776611328125, 631.128173828125]","[869.887939453125, 623.0042114257812]"
"[1049.253173828125, 301.0169372558594]","[858.7789306640625, 268.68707275390625]","[1079.0906982421875, 479.6761779785156]","[858.6676025390625, 311.0852966308594]","[1081.5076904296875, 631.7940673828125]","[1009.3057250976562, 229.937255859375]","[1001.9360961914062, 631.8201904296875]","[869.6414794921875, 623.6033325195312]"
"[1049.837646484375, 302.7434387207031]","[859.8353271484375, 269.5047912597656]","[1078.876953125, 480.268798828125]","[858.0715942382812, 305.28240966796875]","[1080.53857421875, 631.4125366210938]","[1005.50048828125, 217.5216064453125]","[1002.7922973632812, 632.7671508789062]","[870.6973876953125, 624.08984375]"
"[1049.65185546875, 305.1101989746094]","[859.03564453125, 271.62078857421875]","[1079.150390625, 480.5376892089844]","[856.829345703125, 300.0934753417969]","[1080.577392578125, 631.248046875]","[995.648681640625, 206.82595825195312]","[1003.11181640625, 634.168212890625]","[870.4898681640625, 625.6502685546875]"
"[1049.4483642578125, 308.44085693359375]","[858.0343017578125, 272.9375]","[1078.76611328125, 481.1163330078125]","[856.8682861328125, 291.3809509277344]","[1080.2757568359375, 630.7806396484375]","[993.5399780273438, 197.6494903564453]","[1003.4248046875, 635.4998779296875]","[870.1744995117188, 626.5737915039062]"
"[1049.919921875, 312.00177001953125]","[858.962646484375, 274.7020568847656]","[1078.582763671875, 480.76422119140625]","[851.6493530273438, 282.933837890625]","[1080.107666015625, 630.1280517578125]","[991.68115234375, 186.17019653320312]","[1003.1785888671875, 637.4091796875]","[870.3143920898438, 628.3156127929688]"
"[1048.614013671875, 315.681396484375]","[858.8514404296875, 277.4015197753906]","[1078.3671875, 479.684814453125]","[844.6766357421875, 277.1082458496094]","[1081.07421875, 629.596923828125]","[990.1510620117188, 175.33131408691406]","[1003.0455322265625, 639.13525390625]","[871.231689453125, 629.9389038085938]"
"[1049.947509765625, 317.4797668457031]","[859.0186157226562, 279.5522155761719]","[1078.35693359375, 479.17291259765625]","[833.9258422851562, 266.575927734375]","[1081.5394287109375, 629.1920776367188]","[976.87353515625, 164.8922882080078]","[1003.376953125, 640.0304565429688]","[871.6019287109375, 630.72265625]"
"[1049.747802734375, 317.8240661621094]","[857.4921875, 280.1849365234375]","[1078.5986328125, 478.77996826171875]","[835.1234130859375, 256.4438781738281]","[1082.63623046875, 628.9947509765625]","[973.7484130859375, 154.3689422607422]","[1003.9817504882812, 642.0369873046875]","[870.98779296875, 632.6351928710938]"
"[1047.89892578125, 321.1915588378906]","[857.0388793945312, 279.80712890625]","[1078.3360595703125, 480.3106384277344]","[832.6133422851562, 251.3591766357422]","[1083.617431640625, 628.6617431640625]","[961.4744873046875, 147.4104766845703]","[1003.8685913085938, 643.7047119140625]","[871.9158935546875, 633.1131591796875]"
"[1048.8282470703125, 324.28204345703125]","[860.4098510742188, 278.85870361328125]","[1078.761474609375, 475.96490478515625]","[829.69775390625, 237.05197143554688]","[1083.0428466796875, 622.73974609375]","[959.2791137695312, 126.02156066894531]","[1002.5614013671875, 641.8714599609375]","[872.4117431640625, 630.9838256835938]"
"[1047.832763671875, 323.2660217285156]","[858.702880859375, 274.0526123046875]","[1079.6512451171875, 474.17437744140625]","[826.92822265625, 219.84722900390625]","[1085.194580078125, 621.280029296875]","[953.6859130859375, 104.67631530761719]","[1002.513916015625, 640.2899169921875]","[871.2463989257812, 629.0741577148438]"
"[1046.652099609375, 324.6553649902344]","[858.302001953125, 273.0673828125]","[1079.9287109375, 474.43597412109375]","[821.03955078125, 214.44740295410156]","[1087.69091796875, 621.37255859375]","[943.8050537109375, 87.9810791015625]","[1001.798828125, 639.830810546875]","[871.1729736328125, 628.341064453125]"
"[1046.7440185546875, 325.2283935546875]","[858.424072265625, 273.18572998046875]","[1080.341796875, 474.8634338378906]","[819.88525390625, 210.5924835205078]","[1088.346923828125, 622.1375122070312]","[934.2532958984375, 81.83070373535156]","[1001.9349975585938, 641.0302124023438]","[871.4306030273438, 629.5169677734375]"
"[1046.7003173828125, 325.139404296875]","[857.400390625, 272.00811767578125]","[1080.4091796875, 473.5813293457031]","[820.0601806640625, 204.00137329101562]","[1089.27685546875, 620.3255615234375]","[936.1541748046875, 71.08781433105469]","[1001.8599853515625, 640.912109375]","[870.4747924804688, 629.0446166992188]"
"[1046.254150390625, 324.91912841796875]","[855.8248291015625, 271.3741455078125]","[1080.8563232421875, 474.09228515625]","[821.033447265625, 200.0186004638672]","[1089.4500732421875, 621.3085327148438]","[935.1036376953125, 59.25421142578125]","[1002.92041015625, 641.8717041015625]","[870.7164306640625, 629.9177856445312]"
"[1045.2877197265625, 324.87884521484375]","[854.8446044921875, 269.4209899902344]","[1081.2431640625, 473.7210388183594]","[823.471923828125, 191.97674560546875]","[1089.7086181640625, 621.5415649414062]","[936.5609130859375, 48.885040283203125]","[1002.7415771484375, 641.2933959960938]","[870.3448486328125, 629.037109375]"
"[1045.176025390625, 325.71197509765625]","[855.50341796875, 268.84259033203125]","[1081.3486328125, 474.0142822265625]","[824.2252807617188, 186.34954833984375]","[1089.579833984375, 621.8212890625]","[936.1474609375, 45.46229553222656]","[1002.1807250976562, 640.5416259765625]","[870.1934814453125, 627.760498046875]"
"[1044.698974609375, 325.9457092285156]","[855.26708984375, 265.9981994628906]","[1081.25927734375, 473.08160400390625]","[826.8491821289062, 170.93911743164062]","[1089.9912109375, 621.9497680664062]","[937.7530517578125, 33.86283874511719]","[1002.318115234375, 640.2186279296875]","[870.1115112304688, 626.5009765625]"
"[1044.5062255859375, 326.54010009765625]","[854.9246826171875, 265.0308837890625]","[1081.12890625, 473.2669677734375]","[826.4085693359375, 164.2803497314453]","[1089.829345703125, 623.0084228515625]","[936.0113525390625, 29.076873779296875]","[1002.007568359375, 640.061767578125]","[869.7755126953125, 625.999755859375]"
"[1049.8284912109375, 324.950927734375]","[856.664306640625, 266.5653076171875]","[1084.576904296875, 469.43035888671875]","[825.03515625, 161.40457153320312]","[1088.096435546875, 626.3453979492188]","[934.8328857421875, 38.1031494140625]","[1014.1263427734375, 646.1219482421875]","[876.5369873046875, 627.5426025390625]"
"[1050.0274658203125, 325.25250244140625]","[856.463623046875, 266.2796630859375]","[1084.425048828125, 469.1636962890625]","[826.7836303710938, 156.89495849609375]","[1087.773193359375, 626.454345703125]","[934.814208984375, 30.945510864257812]","[1014.6558837890625, 645.8972778320312]","[876.8025512695312, 627.1485595703125]"
"[1050.176513671875, 325.71453857421875]","[855.8314208984375, 265.11590576171875]","[1084.59326171875, 469.3204345703125]","[825.2374267578125, 150.89048767089844]","[1087.5946044921875, 626.5988159179688]","[934.1193237304688, 25.525222778320312]","[1014.6951904296875, 645.4697265625]","[876.4266357421875, 626.1951904296875]"
"[1045.075927734375, 327.07464599609375]","[853.6913452148438, 259.43450927734375]","[1080.690185546875, 472.3763122558594]","[821.5391235351562, 139.5450897216797]","[1088.90234375, 623.4931640625]","[929.8540649414062, 11.004180908203125]","[1002.8387451171875, 638.91015625]","[869.3031005859375, 623.5578002929688]"
"[1047.70166015625, 326.9944152832031]","[853.39892578125, 258.8341369628906]","[1078.975341796875, 472.4698486328125]","[818.0068359375, 137.1097869873047]","[1086.633056640625, 626.796875]","[930.3968505859375, 13.781890869140625]","[1004.678466796875, 639.1934814453125]","[870.0472412109375, 621.6998901367188]"
"[1048.2369384765625, 327.8294982910156]","[853.7019653320312, 257.8027038574219]","[1078.4866943359375, 472.80047607421875]","[815.2073364257812, 130.45687866210938]","[1086.24755859375, 627.5770263671875]","[929.8873901367188, 12.81829833984375]","[1004.258544921875, 638.9348754882812]","[869.5947875976562, 621.03173828125]"
"[1048.656494140625, 327.2830810546875]","[853.528076171875, 256.61328125]","[1078.405517578125, 471.9261474609375]","[813.6514892578125, 126.90921020507812]","[1085.98583984375, 627.9669799804688]","[926.4139404296875, 13.174392700195312]","[1005.10546875, 639.101806640625]","[869.94384765625, 621.107421875]"
"[1049.0943603515625, 327.5677185058594]","[853.5844116210938, 256.4766845703125]","[1078.34130859375, 472.4058837890625]","[811.365234375, 124.78678894042969]","[1086.2275390625, 628.5067749023438]","[918.1971435546875, 16.021270751953125]","[1005.5323486328125, 639.885009765625]","[870.2657470703125, 621.683837890625]"
"[1049.2054443359375, 327.03887939453125]","[853.5523681640625, 254.64019775390625]","[1078.2109375, 471.5944519042969]","[808.5172119140625, 120.97988891601562]","[1086.218994140625, 627.131591796875]","[908.8912353515625, 15.06903076171875]","[1005.3331298828125, 639.6341552734375]","[870.070068359375, 621.0307006835938]"
"[1049.8524169921875, 326.8490295410156]","[853.2484130859375, 252.8212890625]","[1078.33349609375, 471.76812744140625]","[806.2794799804688, 115.23902893066406]","[1086.3505859375, 627.7489013671875]","[906.203125, 14.18609619140625]","[1006.1322021484375, 639.8717041015625]","[870.2701416015625, 621.05859375]"
"[1049.5594482421875, 326.8609619140625]","[853.168212890625, 252.01217651367188]","[1077.811767578125, 471.32550048828125]","[803.28759765625, 114.05438232421875]","[1086.3145751953125, 627.1159057617188]","[901.7107543945312, 14.383392333984375]","[1005.3927001953125, 638.7279052734375]","[869.9317016601562, 619.799560546875]"
"[1050.445556640625, 326.9982604980469]","[852.4371337890625, 251.3620147705078]","[1077.7415771484375, 471.7591552734375]","[799.8045043945312, 111.72834777832031]","[1086.63818359375, 627.442626953125]","[899.5343627929688, 13.347518920898438]","[1005.7972412109375, 639.7095947265625]","[869.4486083984375, 620.727294921875]"
"[1050.921142578125, 326.7813720703125]","[852.7552490234375, 251.69677734375]","[1077.718505859375, 471.211181640625]","[795.0668334960938, 111.9180908203125]","[1086.1468505859375, 627.4985961914062]","[891.6409912109375, 12.039321899414062]","[1005.56103515625, 640.5049438476562]","[869.2716064453125, 621.8843994140625]"
"[1051.265869140625, 326.4044189453125]","[853.1395263671875, 250.9794921875]","[1078.3985595703125, 471.380615234375]","[790.2952880859375, 112.69317626953125]","[1087.309326171875, 627.2841796875]","[872.863525390625, 16.306869506835938]","[1005.961181640625, 638.896728515625]","[870.0941162109375, 619.940185546875]"
"[1051.581787109375, 326.11297607421875]","[852.9267578125, 250.30789184570312]","[1078.8271484375, 473.021484375]","[785.494140625, 115.19393920898438]","[1087.150146484375, 628.8024291992188]","[855.5977783203125, 17.21868896484375]","[1005.0510864257812, 638.1595458984375]","[869.134765625, 619.0350952148438]"
"[1051.737548828125, 326.2802734375]","[852.145263671875, 249.725341796875]","[1079.4979248046875, 473.61065673828125]","[780.3255615234375, 114.7115478515625]","[1087.0135498046875, 629.3475341796875]","[850.53564453125, 15.745285034179688]","[1005.4522705078125, 638.1637573242188]","[868.717041015625, 619.1988525390625]"
"[1052.595458984375, 327.1916809082031]","[851.4239501953125, 249.25241088867188]","[1081.9176025390625, 475.9097900390625]","[770.06005859375, 115.55841064453125]","[1088.729248046875, 631.8546142578125]","[829.1546630859375, 18.444808959960938]","[1004.356201171875, 638.5559692382812]","[865.843505859375, 619.52197265625]"
"[1052.972900390625, 327.4010925292969]","[850.626220703125, 248.68045043945312]","[1083.693115234375, 476.21343994140625]","[765.0104370117188, 114.98304748535156]","[1089.0797119140625, 632.77685546875]","[827.5475463867188, 16.139785766601562]","[1004.8062744140625, 639.2824096679688]","[864.2586669921875, 620.1290893554688]"
"[1052.7589111328125, 326.51837158203125]","[849.3598022460938, 246.50473022460938]","[1085.4912109375, 476.817626953125]","[761.1514892578125, 117.90948486328125]","[1088.9439697265625, 633.6172485351562]","[819.4625244140625, 16.641403198242188]","[1005.62841796875, 638.2623291015625]","[863.18359375, 618.7030029296875]"
"[1056.279296875, 322.25164794921875]","[846.6368408203125, 244.34848022460938]","[1089.441162109375, 472.7688903808594]","[754.9752197265625, 119.8062744140625]","[1085.20458984375, 629.6721801757812]","[812.9166870117188, 26.68817138671875]","[1011.276123046875, 644.3780517578125]","[864.4447631835938, 622.0589599609375]"
"[1057.447509765625, 323.14556884765625]","[846.521484375, 245.68304443359375]","[1091.37548828125, 474.3143005371094]","[754.91552734375, 121.50686645507812]","[1086.4051513671875, 628.359375]","[809.307861328125, 26.456817626953125]","[1012.440673828125, 646.0225830078125]","[864.1314697265625, 623.473876953125]"
"[1056.30126953125, 323.3423156738281]","[844.2379150390625, 245.79244995117188]","[1092.7724609375, 474.09307861328125]","[754.8458251953125, 122.52964782714844]","[1087.303466796875, 628.6504516601562]","[811.20654296875, 23.10113525390625]","[1012.802490234375, 647.4619750976562]","[863.2721557617188, 624.8274536132812]"
"[1057.1072998046875, 323.09918212890625]","[844.7904052734375, 246.77792358398438]","[1095.2021484375, 475.4118347167969]","[755.46044921875, 125.81334686279297]","[1087.6904296875, 630.884033203125]","[806.03857421875, 25.353515625]","[1012.3314208984375, 648.53369140625]","[862.5979614257812, 625.426513671875]"
"[1057.015380859375, 323.1576843261719]","[844.7373046875, 247.63856506347656]","[1096.8985595703125, 475.2413635253906]","[755.8792724609375, 125.88175964355469]","[1089.822998046875, 630.2643432617188]","[807.8087768554688, 23.727767944335938]","[1012.6260986328125, 649.68701171875]","[862.683349609375, 626.5455932617188]"
"[1057.380615234375, 322.63818359375]","[843.9797973632812, 248.54580688476562]","[1099.1875, 476.80133056640625]","[755.5128173828125, 128.60824584960938]","[1090.889404296875, 633.8175048828125]","[805.5466918945312, 26.952804565429688]","[1013.4603881835938, 650.6893310546875]","[862.81103515625, 627.9178466796875]"
"[1056.76953125, 322.29754638671875]","[843.724365234375, 248.61053466796875]","[1099.995849609375, 476.2030029296875]","[754.9872436523438, 129.39041137695312]","[1093.45263671875, 634.710205078125]","[805.6748657226562, 25.80029296875]","[1013.379638671875, 650.9426879882812]","[863.13037109375, 628.2363891601562]"
"[1056.8446044921875, 322.3810119628906]","[844.1090698242188, 249.12326049804688]","[1101.224365234375, 475.686767578125]","[754.7138671875, 132.0428924560547]","[1094.4638671875, 637.243896484375]","[799.866455078125, 29.828933715820312]","[1013.7125244140625, 650.6591796875]","[863.784912109375, 627.6511840820312]"
"[1056.65234375, 321.81396484375]","[844.286376953125, 249.32147216796875]","[1102.053955078125, 474.6733703613281]","[753.6403198242188, 133.99612426757812]","[1098.78369140625, 634.6471557617188]","[799.0284423828125, 30.399032592773438]","[1013.5889892578125, 649.8844604492188]","[863.8831787109375, 627.12353515625]"
"[1057.041748046875, 322.2318115234375]","[843.741943359375, 249.06500244140625]","[1103.5740966796875, 477.2491149902344]","[752.393310546875, 134.0836944580078]","[1097.8931884765625, 638.734619140625]","[797.823974609375, 30.634597778320312]","[1013.8062744140625, 651.17236328125]","[863.8599243164062, 627.9376220703125]"
"[1057.366943359375, 322.25677490234375]","[844.1427612304688, 250.2319793701172]","[1104.14892578125, 476.9224548339844]","[752.0985717773438, 136.71597290039062]","[1099.8583984375, 637.134765625]","[796.5034790039062, 31.159881591796875]","[1014.1427001953125, 652.5487060546875]","[864.3224487304688, 629.4261474609375]"
"[1057.417724609375, 321.4274597167969]","[844.6675415039062, 250.41004943847656]","[1104.5863037109375, 476.3945617675781]","[752.0704956054688, 138.62448120117188]","[1099.9544677734375, 636.9757080078125]","[792.8633422851562, 34.756072998046875]","[1013.7617797851562, 652.4910278320312]","[864.3043212890625, 629.4918823242188]"
"[1057.892822265625, 321.75250244140625]","[845.1519775390625, 251.22125244140625]","[1105.3193359375, 477.7169494628906]","[752.3688354492188, 140.2148895263672]","[1099.192138671875, 638.57421875]","[791.495361328125, 34.760101318359375]","[1014.0084228515625, 652.6078491210938]","[864.7640991210938, 629.5409545898438]"
"[1058.5311279296875, 321.6983337402344]","[845.90478515625, 251.28680419921875]","[1106.051025390625, 478.7013244628906]","[753.833740234375, 141.4456787109375]","[1099.143798828125, 638.2603149414062]","[792.585693359375, 34.39640808105469]","[1014.1427001953125, 652.9664306640625]","[864.9832763671875, 629.824951171875]"
"[1058.08251953125, 321.620361328125]","[845.8944091796875, 252.1874542236328]","[1106.0701904296875, 477.03033447265625]","[754.7938232421875, 141.4354248046875]","[1098.311767578125, 639.4208374023438]","[792.947509765625, 33.886138916015625]","[1014.7889404296875, 653.453125]","[865.8170166015625, 630.76416015625]"
"[1056.555908203125, 323.6005859375]","[849.1474609375, 254.00587463378906]","[1102.1571044921875, 483.0499267578125]","[755.4090576171875, 147.9359130859375]","[1099.0732421875, 647.6453857421875]","[794.3717651367188, 29.462127685546875]","[1011.1554565429688, 640.42041015625]","[862.0676879882812, 620.3741455078125]"
"[1057.067138671875, 323.6177978515625]","[849.663818359375, 254.34017944335938]","[1102.3509521484375, 482.846923828125]","[756.2047119140625, 148.32034301757812]","[1097.7392578125, 647.534912109375]","[796.366455078125, 28.23541259765625]","[1011.4737548828125, 640.8212890625]","[862.3551635742188, 621.0533447265625]"
"[1057.0953369140625, 324.089599609375]","[850.0274658203125, 254.28134155273438]","[1102.47509765625, 484.99151611328125]","[757.865966796875, 147.80360412597656]","[1095.7862548828125, 650.7598266601562]","[798.786865234375, 25.244705200195312]","[1011.51171875, 640.9903564453125]","[862.6123046875, 620.9467163085938]"
"[1057.389892578125, 323.1689453125]","[851.06640625, 253.76370239257812]","[1102.139404296875, 484.6218566894531]","[758.689208984375, 147.84274291992188]","[1095.638427734375, 650.3531494140625]","[798.796630859375, 27.430709838867188]","[1011.5029296875, 639.8179321289062]","[863.1707153320312, 619.7189331054688]"
"[1057.966064453125, 323.62615966796875]","[852.7493896484375, 254.23794555664062]","[1102.743896484375, 486.0504455566406]","[760.4213256835938, 150.77330017089844]","[1094.4830322265625, 651.8294677734375]","[797.0545654296875, 32.70991516113281]","[1012.0797729492188, 640.279541015625]","[864.265869140625, 619.9645385742188]"
"[1058.318115234375, 323.7630615234375]","[853.667724609375, 254.58343505859375]","[1102.90966796875, 486.2787780761719]","[761.9813842773438, 151.27923583984375]","[1094.9693603515625, 652.080322265625]","[799.8563232421875, 27.8404541015625]","[1011.2196044921875, 639.5010986328125]","[863.90625, 619.0741577148438]"
"[1035.4404296875, 308.3235168457031]","[829.7027587890625, 309.0699462890625]","[1063.2879638671875, 481.4688720703125]","[795.9383544921875, 478.618896484375]","[1059.658935546875, 631.599609375]","[792.708984375, 628.25927734375]","[996.632080078125, 640.056640625]","[858.3218994140625, 639.0364990234375]"
"[1035.287353515625, 308.19805908203125]","[829.5440673828125, 308.95684814453125]","[1063.7647705078125, 480.36187744140625]","[795.7376708984375, 477.94195556640625]","[1060.07763671875, 631.5521850585938]","[792.2467041015625, 628.16455078125]","[996.4766235351562, 640.009033203125]","[858.3621826171875, 638.8543701171875]"
"[1035.3741455078125, 308.23687744140625]","[829.6385498046875, 309.1437683105469]","[1063.809326171875, 480.79339599609375]","[795.765869140625, 477.8420104980469]","[1059.984130859375, 631.1950073242188]","[792.3674926757812, 627.9987182617188]","[996.8344116210938, 640.409423828125]","[858.4976806640625, 639.44921875]"
"[1037.3265380859375, 309.332275390625]","[827.5667724609375, 306.2655029296875]","[1062.30859375, 478.96051025390625]","[796.239990234375, 478.83770751953125]","[1057.4140625, 631.1636352539062]","[795.4414672851562, 625.9974975585938]","[996.135986328125, 634.5008544921875]","[857.3145751953125, 633.887939453125]"
"[1035.2816162109375, 308.12933349609375]","[829.093017578125, 309.6458740234375]","[1064.4478759765625, 480.2266845703125]","[795.59326171875, 479.00628662109375]","[1061.6693115234375, 630.1836547851562]","[792.32958984375, 628.02734375]","[996.8663330078125, 640.0941772460938]","[858.5731201171875, 639.2508544921875]"
"[1035.1402587890625, 308.3991394042969]","[828.708251953125, 309.3194274902344]","[1065.289306640625, 481.1573181152344]","[795.7928466796875, 479.1874694824219]","[1062.5830078125, 630.8240356445312]","[791.9544067382812, 627.9815673828125]","[996.5640869140625, 640.5164184570312]","[858.101806640625, 639.4832153320312]"
"[1035.2213134765625, 308.16168212890625]","[828.9032592773438, 309.2801208496094]","[1066.180908203125, 481.63348388671875]","[795.25, 479.50140380859375]","[1063.417236328125, 630.8787841796875]","[792.3045654296875, 628.7318115234375]","[996.7146606445312, 640.7561645507812]","[858.358154296875, 639.8455810546875]"
"[1035.50634765625, 308.65045166015625]","[828.63720703125, 309.2770080566406]","[1067.9498291015625, 482.74090576171875]","[795.4910888671875, 479.60211181640625]","[1065.058349609375, 631.149658203125]","[792.5611572265625, 628.6441650390625]","[996.9295654296875, 641.195068359375]","[858.2734375, 640.2113647460938]"
"[1035.801025390625, 308.8132629394531]","[828.7740478515625, 309.3060302734375]","[1070.508056640625, 482.9339904785156]","[795.224609375, 479.3916320800781]","[1068.201904296875, 630.3394165039062]","[792.3984375, 628.2427978515625]","[997.184814453125, 641.7884521484375]","[858.6978759765625, 640.790771484375]"
"[1036.309326171875, 308.8587646484375]","[828.217529296875, 309.1685791015625]","[1072.7786865234375, 483.38446044921875]","[795.063720703125, 479.8502197265625]","[1071.2691650390625, 630.1622924804688]","[792.6846313476562, 628.4774780273438]","[997.556396484375, 641.2503662109375]","[858.611328125, 640.30126953125]"
"[1036.204345703125, 307.6361389160156]","[827.317626953125, 309.253662109375]","[1073.8984375, 478.8985290527344]","[794.662353515625, 480.15252685546875]","[1078.247314453125, 624.4660034179688]","[792.952392578125, 628.0082397460938]","[997.8828125, 640.86181640625]","[858.5582275390625, 640.2338256835938]"
"[1036.031005859375, 306.981689453125]","[826.7243041992188, 309.2481994628906]","[1077.548828125, 475.79205322265625]","[794.2465209960938, 479.88189697265625]","[1083.8221435546875, 617.7192993164062]","[792.61572265625, 627.416748046875]","[998.0062255859375, 641.133544921875]","[858.5857543945312, 640.5861206054688]"
"[1038.521728515625, 305.37957763671875]","[825.78173828125, 310.45172119140625]","[1080.792236328125, 469.0718994140625]","[794.1989135742188, 482.2620849609375]","[1090.1307373046875, 611.1202392578125]","[791.0899658203125, 628.2022705078125]","[1000.9273681640625, 641.909912109375]","[857.1509399414062, 641.50048828125]"
"[1036.836669921875, 299.75244140625]","[824.7113037109375, 305.81329345703125]","[1087.68310546875, 460.0280456542969]","[794.3333129882812, 479.033935546875]","[1101.259033203125, 599.985595703125]","[793.1326904296875, 629.557373046875]","[999.5272216796875, 644.563720703125]","[858.2682495117188, 643.728515625]"
"[1037.892333984375, 299.38983154296875]","[824.0048217773438, 309.16912841796875]","[1092.5281982421875, 454.8521728515625]","[793.45263671875, 481.47845458984375]","[1109.1251220703125, 593.874755859375]","[791.5317993164062, 629.41943359375]","[1001.0489501953125, 641.6076049804688]","[857.8350219726562, 642.392333984375]"
"[1037.2642822265625, 297.5977783203125]","[823.3020629882812, 308.89251708984375]","[1097.802734375, 447.9788818359375]","[792.936767578125, 480.97674560546875]","[1123.5235595703125, 585.3724365234375]","[791.6474609375, 629.31689453125]","[1000.3055419921875, 640.5947265625]","[857.5111083984375, 641.7747802734375]"
"[1036.9168701171875, 296.1600341796875]","[820.2769775390625, 308.36505126953125]","[1103.07275390625, 444.840087890625]","[795.1439208984375, 480.853759765625]","[1130.646484375, 581.21875]","[794.95703125, 626.058349609375]","[1001.89794921875, 636.6598510742188]","[858.1634521484375, 639.5430908203125]"
"[1035.43408203125, 293.0487976074219]","[818.7251586914062, 307.8328552246094]","[1107.55419921875, 436.16229248046875]","[794.5814208984375, 480.84161376953125]","[1142.43212890625, 572.2421264648438]","[794.84521484375, 625.5459594726562]","[1001.31982421875, 635.1602172851562]","[858.0657348632812, 638.8602294921875]"
"[1034.797119140625, 290.799560546875]","[817.7698974609375, 307.8150939941406]","[1114.438232421875, 429.40545654296875]","[793.87109375, 481.02667236328125]","[1152.826904296875, 556.5025634765625]","[794.59521484375, 625.5745849609375]","[1001.1458740234375, 634.2273559570312]","[858.11962890625, 638.56640625]"
"[1034.407470703125, 289.3559875488281]","[817.0970458984375, 308.61883544921875]","[1121.07080078125, 427.0183410644531]","[793.5049438476562, 482.59442138671875]","[1161.09521484375, 558.7106323242188]","[794.6672973632812, 626.8524780273438]","[1001.6537475585938, 634.2758178710938]","[858.8809204101562, 639.3216552734375]"
"[1033.7181396484375, 288.3938293457031]","[816.18115234375, 308.5780334472656]","[1128.6728515625, 424.4321594238281]","[793.5327758789062, 481.8026123046875]","[1168.260498046875, 555.864501953125]","[794.517333984375, 626.5977783203125]","[1000.9707641601562, 634.4491577148438]","[858.69482421875, 639.6197509765625]"
"[1033.6204833984375, 287.74810791015625]","[814.9881591796875, 309.8260498046875]","[1131.75439453125, 415.8304138183594]","[793.4024047851562, 481.5845947265625]","[1174.9976806640625, 543.9083251953125]","[793.79833984375, 626.9483642578125]","[1001.9371948242188, 635.2208251953125]","[858.935546875, 640.8575439453125]"
"[1032.578125, 287.1756591796875]","[812.3175659179688, 310.9746398925781]","[1139.4921875, 411.3966064453125]","[792.122802734375, 482.3905029296875]","[1184.91650390625, 532.9136962890625]","[793.3134155273438, 627.7169189453125]","[1001.6759033203125, 633.7686157226562]","[858.305419921875, 639.9269409179688]"
"[1031.040771484375, 286.73101806640625]","[810.4007568359375, 310.92333984375]","[1139.1077880859375, 408.2685546875]","[791.3974609375, 483.328857421875]","[1188.786376953125, 531.8201904296875]","[793.1798095703125, 629.435791015625]","[1000.5836791992188, 633.1351928710938]","[857.12841796875, 639.4736938476562]"
"[1030.4268798828125, 286.6294860839844]","[809.79296875, 311.336181640625]","[1139.047607421875, 406.20574951171875]","[790.7625732421875, 482.982421875]","[1189.907958984375, 527.27880859375]","[792.5692138671875, 629.3585205078125]","[1000.8253173828125, 633.2066650390625]","[857.4347534179688, 639.9059448242188]"
"[1028.961669921875, 285.7618408203125]","[808.40234375, 311.22705078125]","[1137.9305419921875, 402.709716796875]","[790.2254638671875, 482.95703125]","[1189.4404296875, 524.7440795898438]","[792.124755859375, 629.7407836914062]","[1000.1713256835938, 631.7359619140625]","[856.8692626953125, 638.61376953125]"
"[1028.1015625, 285.61529541015625]","[807.9596557617188, 311.9719543457031]","[1135.3526611328125, 399.20050048828125]","[789.1307373046875, 482.74591064453125]","[1188.6112060546875, 518.1187133789062]","[792.4088134765625, 630.309326171875]","[999.8014526367188, 631.4539794921875]","[856.5891723632812, 638.605224609375]"
"[1027.0556640625, 285.5650329589844]","[806.9708251953125, 311.91876220703125]","[1133.692138671875, 398.4663391113281]","[788.050048828125, 482.23895263671875]","[1186.843994140625, 515.7258911132812]","[791.41796875, 630.5084228515625]","[999.393798828125, 631.258544921875]","[856.3394165039062, 638.4764404296875]"
"[1026.330078125, 285.64208984375]","[806.7099609375, 312.2242736816406]","[1130.6240234375, 396.6829833984375]","[786.636474609375, 481.72991943359375]","[1183.433837890625, 510.7656555175781]","[790.6151733398438, 630.0667724609375]","[998.88525390625, 630.08740234375]","[856.1024780273438, 637.3793334960938]"
"[1025.8583984375, 285.65911865234375]","[806.357421875, 312.1689758300781]","[1128.8876953125, 397.70086669921875]","[785.1278686523438, 481.24456787109375]","[1179.7752685546875, 512.0997314453125]","[789.7556762695312, 630.185791015625]","[999.0064697265625, 630.259033203125]","[856.189453125, 637.7553100585938]"
"[1024.8316650390625, 285.5330810546875]","[806.2944946289062, 311.6592102050781]","[1123.0950927734375, 397.17388916015625]","[784.2002563476562, 481.3325500488281]","[1175.951171875, 506.6644592285156]","[789.5882568359375, 630.727783203125]","[998.0697021484375, 628.6048583984375]","[855.805419921875, 636.151611328125]"
"[1023.58447265625, 283.5578308105469]","[806.4521484375, 311.4768371582031]","[1115.622802734375, 391.0731201171875]","[783.0785522460938, 480.0970458984375]","[1169.5445556640625, 502.22601318359375]","[789.2760009765625, 630.1295166015625]","[997.7237548828125, 627.20263671875]","[855.94921875, 635.557861328125]"
"[1024.6514892578125, 284.90179443359375]","[806.0809936523438, 311.192626953125]","[1115.98779296875, 397.3036193847656]","[782.363037109375, 480.40521240234375]","[1161.0845947265625, 507.49591064453125]","[788.7628784179688, 630.885009765625]","[998.8309326171875, 628.4663696289062]","[855.9888916015625, 636.18359375]"
"[1025.92626953125, 288.62103271484375]","[805.3584594726562, 309.38525390625]","[1118.79345703125, 418.2186279296875]","[780.9442749023438, 483.22955322265625]","[1147.3193359375, 523.1370239257812]","[788.0340576171875, 631.8630981445312]","[998.5204467773438, 630.3802490234375]","[854.729736328125, 636.7715454101562]"
"[1025.9443359375, 287.6618957519531]","[805.2207641601562, 309.3238220214844]","[1113.44091796875, 416.553955078125]","[780.3539428710938, 483.4697570800781]","[1137.25, 526.7411499023438]","[787.8109130859375, 632.4772338867188]","[999.1282958984375, 630.6771240234375]","[854.6643676757812, 637.5571899414062]"
"[1023.97412109375, 286.24505615234375]","[804.9757080078125, 309.8134765625]","[1104.931884765625, 408.8755187988281]","[779.8858642578125, 483.197021484375]","[1125.9541015625, 523.3377685546875]","[787.9432983398438, 633.2202758789062]","[998.3292236328125, 628.7562866210938]","[854.4122314453125, 636.321533203125]"
"[1023.4234619140625, 288.8083190917969]","[805.455078125, 309.639892578125]","[1097.5130615234375, 418.1868896484375]","[779.7207641601562, 484.5403747558594]","[1115.298583984375, 517.4934692382812]","[788.2828369140625, 633.9343872070312]","[997.913330078125, 629.678955078125]","[854.0055541992188, 636.452880859375]"
"[1022.018310546875, 294.05413818359375]","[807.023193359375, 308.52801513671875]","[1094.3602294921875, 430.90069580078125]","[780.891357421875, 486.10443115234375]","[1105.09228515625, 522.586181640625]","[790.9942016601562, 636.1007080078125]","[995.3893432617188, 627.1481323242188]","[855.0953979492188, 634.3690185546875]"
"[1019.7218627929688, 293.86944580078125]","[807.0224609375, 308.01153564453125]","[1085.48388671875, 431.9664001464844]","[780.369140625, 486.32464599609375]","[1095.005615234375, 523.7495727539062]","[791.594482421875, 635.606201171875]","[994.4987182617188, 626.715087890625]","[855.23046875, 634.0076904296875]"
"[1018.2415771484375, 292.33673095703125]","[808.3831787109375, 308.2777404785156]","[1074.3858642578125, 425.9892883300781]","[780.382568359375, 486.50238037109375]","[1081.6358642578125, 518.4093017578125]","[791.6966552734375, 636.5926513671875]","[994.60791015625, 624.80029296875]","[856.7953491210938, 632.7646484375]"
"[1017.4249877929688, 293.01995849609375]","[809.4343872070312, 307.7545471191406]","[1066.5010986328125, 433.1490478515625]","[780.0382080078125, 487.60498046875]","[1061.930908203125, 525.7138671875]","[791.515380859375, 636.5345458984375]","[994.7286987304688, 624.5052490234375]","[857.717529296875, 632.4235229492188]"
"[1015.5050048828125, 291.6923828125]","[811.4293212890625, 308.51611328125]","[1060.9647216796875, 431.6494445800781]","[779.0755615234375, 487.46392822265625]","[1052.716796875, 527.13427734375]","[789.7220458984375, 638.1314697265625]","[994.1442260742188, 629.9606323242188]","[857.463623046875, 635.5687255859375]"
"[1013.3631591796875, 288.66802978515625]","[812.5069580078125, 309.12493896484375]","[1049.59765625, 420.34405517578125]","[778.7265014648438, 488.255859375]","[1048.9647216796875, 522.52783203125]","[791.1099853515625, 639.6448364257812]","[993.1497802734375, 628.595458984375]","[857.9178466796875, 636.0906982421875]"
"[1012.5869750976562, 291.8100280761719]","[813.924072265625, 306.9522705078125]","[1043.6243896484375, 434.2380065917969]","[777.843994140625, 487.81591796875]","[1028.9815673828125, 529.2822265625]","[791.2381591796875, 638.9144287109375]","[992.3466796875, 629.0641479492188]","[857.7614135742188, 635.1494140625]"
"[1010.7802734375, 293.2796630859375]","[814.84130859375, 307.43548583984375]","[1036.152587890625, 438.770751953125]","[777.485595703125, 488.2740783691406]","[1013.3248291015625, 543.3336791992188]","[791.2557373046875, 640.0428466796875]","[990.6103515625, 631.6150512695312]","[857.30859375, 637.60400390625]"
"[1009.1627197265625, 293.39935302734375]","[815.6354370117188, 306.8079833984375]","[1028.95263671875, 437.84014892578125]","[777.384521484375, 486.709716796875]","[1001.6669311523438, 546.231201171875]","[790.8067016601562, 639.0172729492188]","[989.3681030273438, 631.517822265625]","[857.1154174804688, 637.4632568359375]"
"[1009.5364379882812, 293.93023681640625]","[817.1920166015625, 306.93133544921875]","[1025.095458984375, 437.869384765625]","[776.7728271484375, 485.6326904296875]","[997.4754638671875, 543.175048828125]","[791.5929565429688, 638.1865234375]","[989.2941284179688, 632.530029296875]","[857.4810791015625, 638.601806640625]"
"[1009.3668212890625, 291.1882019042969]","[818.0675048828125, 306.40057373046875]","[1021.75927734375, 424.28045654296875]","[776.2077026367188, 483.48406982421875]","[1009.22900390625, 519.1832885742188]","[792.0869750976562, 637.7769775390625]","[989.724365234375, 631.0472412109375]","[858.0510864257812, 638.3143310546875]"
"[1009.0166015625, 289.586669921875]","[818.234375, 307.1573486328125]","[1022.0579833984375, 415.15850830078125]","[776.64013671875, 482.1559753417969]","[1012.1519165039062, 515.1552124023438]","[793.400146484375, 637.88427734375]","[988.8173217773438, 630.0816040039062]","[857.7086791992188, 637.96044921875]"
"[1010.349609375, 286.24664306640625]","[818.2320556640625, 306.95635986328125]","[1019.7573852539062, 402.1474914550781]","[776.42724609375, 482.4063720703125]","[1018.61279296875, 498.53668212890625]","[794.70458984375, 638.6353759765625]","[990.0308837890625, 630.3323974609375]","[857.44384765625, 639.542236328125]"
"[1013.6416625976562, 286.5315856933594]","[818.1600952148438, 306.604248046875]","[1013.484619140625, 407.0897216796875]","[775.379150390625, 482.01715087890625]","[1006.9758911132812, 543.8104858398438]","[795.4827880859375, 638.7420043945312]","[991.802734375, 632.7400512695312]","[855.6099243164062, 642.3408813476562]"
"[1015.0445556640625, 287.766357421875]","[818.4710083007812, 305.8182067871094]","[1010.16943359375, 414.72802734375]","[775.1492919921875, 480.4225158691406]","[997.3515014648438, 567.4677734375]","[794.897705078125, 636.69482421875]","[991.984375, 633.3328857421875]","[854.776611328125, 642.3909912109375]"
"[1015.8592529296875, 289.04583740234375]","[818.6013793945312, 305.85833740234375]","[1008.1122436523438, 416.84088134765625]","[774.625244140625, 480.177001953125]","[994.144287109375, 572.5951538085938]","[795.0938720703125, 636.10302734375]","[992.8463134765625, 634.2119750976562]","[854.9315185546875, 643.0601806640625]"
"[1016.1809692382812, 288.5360107421875]","[818.505615234375, 304.8753356933594]","[1006.3970947265625, 415.7348327636719]","[773.7646484375, 478.23321533203125]","[0.0, 0.0]","[794.775146484375, 634.8385620117188]","[993.1785278320312, 633.0946655273438]","[854.849853515625, 641.91455078125]"
"[1016.2970581054688, 288.72625732421875]","[817.6651611328125, 303.7040710449219]","[1005.796630859375, 415.01953125]","[772.44287109375, 475.0586242675781]","[0.0, 0.0]","[792.8051147460938, 629.4889526367188]","[992.9697265625, 632.3805541992188]","[854.016357421875, 640.9112548828125]"
"[1016.2462158203125, 287.69989013671875]","[817.6148071289062, 303.1873474121094]","[1005.816650390625, 413.76171875]","[771.2817993164062, 474.5437316894531]","[991.8209838867188, 567.418212890625]","[791.6248168945312, 627.3673706054688]","[993.0013427734375, 631.5181884765625]","[854.13818359375, 640.2837524414062]"
"[1016.030029296875, 287.2709655761719]","[817.8541259765625, 302.84393310546875]","[1005.462646484375, 411.31494140625]","[770.49658203125, 472.4812316894531]","[0.0, 0.0]","[789.497314453125, 625.775390625]","[993.5454711914062, 630.3135986328125]","[855.0084228515625, 639.04443359375]"
"[1015.6913452148438, 286.6544189453125]","[817.1866455078125, 302.33343505859375]","[1007.6414794921875, 410.6877136230469]","[769.7557983398438, 471.27093505859375]","[993.3494873046875, 564.0433959960938]","[787.19970703125, 622.3646240234375]","[992.3936767578125, 629.333984375]","[854.072265625, 638.168701171875]"
"[1015.717529296875, 285.34796142578125]","[816.048095703125, 301.90325927734375]","[1008.8153076171875, 409.5422058105469]","[768.6597900390625, 471.91717529296875]","[992.7274169921875, 563.7344360351562]","[786.2708129882812, 622.6614990234375]","[992.690185546875, 629.2091064453125]","[853.9202270507812, 638.2733764648438]"
"[1023.2344970703125, 283.1146240234375]","[814.7316284179688, 300.18048095703125]","[1007.6134643554688, 411.44921875]","[769.8158569335938, 474.8817443847656]","[989.0897216796875, 567.68603515625]","[785.4061889648438, 621.5693359375]","[1000.9773559570312, 629.380859375]","[854.591064453125, 637.8807983398438]"
"[1021.5558471679688, 280.91497802734375]","[811.901611328125, 299.26873779296875]","[1011.5718994140625, 406.1593322753906]","[769.3196411132812, 473.0614013671875]","[998.3316650390625, 550.4415893554688]","[783.1642456054688, 620.2171630859375]","[1000.0577392578125, 628.2191772460938]","[853.6614990234375, 636.8209228515625]"
"[1020.7032470703125, 278.1314392089844]","[809.1396484375, 300.2569580078125]","[1024.9696044921875, 392.14385986328125]","[769.4161376953125, 472.5061340332031]","[1009.2110595703125, 488.1578063964844]","[780.923095703125, 618.8331909179688]","[998.996337890625, 623.8910522460938]","[853.13232421875, 633.2119140625]"
"[1018.8045654296875, 277.2195129394531]","[808.0242919921875, 301.64697265625]","[1032.630126953125, 388.1730651855469]","[768.7501220703125, 476.1351318359375]","[1001.5252685546875, 475.3398742675781]","[779.258056640625, 620.4725341796875]","[998.0344848632812, 621.4569091796875]","[853.8212890625, 631.3903198242188]"
"[1018.97314453125, 279.9221496582031]","[806.9805908203125, 301.244140625]","[1032.9644775390625, 401.9469909667969]","[767.9136962890625, 477.2822265625]","[992.8903198242188, 488.44232177734375]","[777.0711669921875, 620.6961669921875]","[997.5657348632812, 622.3248901367188]","[852.6485595703125, 631.231689453125]"
"[1019.76708984375, 279.64434814453125]","[804.8140869140625, 301.2449951171875]","[1033.501708984375, 402.98931884765625]","[767.0607299804688, 477.64874267578125]","[979.2632446289062, 490.62823486328125]","[776.0359497070312, 619.6526489257812]","[998.8745727539062, 622.0930786132812]","[851.9454345703125, 630.8785400390625]"
"[1020.333251953125, 277.4473571777344]","[802.035400390625, 302.5615234375]","[1042.3740234375, 395.5170593261719]","[765.74560546875, 478.1710205078125]","[991.501953125, 491.8926086425781]","[773.8714599609375, 619.6240234375]","[999.478271484375, 620.5919189453125]","[851.3546142578125, 630.4091186523438]"
"[1019.4241333007812, 274.39263916015625]","[801.133056640625, 304.8235168457031]","[1052.990234375, 381.16387939453125]","[765.2561645507812, 477.71844482421875]","[1015.007080078125, 477.62225341796875]","[772.61767578125, 619.58349609375]","[999.334716796875, 617.0491943359375]","[852.7257080078125, 628.3172607421875]"
"[1017.8477783203125, 271.0981750488281]","[800.3011474609375, 306.35455322265625]","[1062.114501953125, 366.2604675292969]","[764.6754760742188, 478.07049560546875]","[1023.7245483398438, 457.7394104003906]","[771.3201904296875, 618.920166015625]","[1000.021240234375, 614.459716796875]","[855.10400390625, 626.7971801757812]"
"[1015.5267333984375, 270.28643798828125]","[798.970458984375, 308.2283935546875]","[1070.7486572265625, 353.7860412597656]","[764.4005737304688, 478.34014892578125]","[1054.26220703125, 430.05462646484375]","[770.4732666015625, 618.9943237304688]","[999.5477294921875, 614.0989379882812]","[855.8703002929688, 627.1243286132812]"
"[1009.9993896484375, 275.377685546875]","[796.1380004882812, 309.30206298828125]","[1078.406005859375, 356.9561462402344]","[764.7252807617188, 480.36993408203125]","[1061.79931640625, 425.987548828125]","[769.1927490234375, 623.2286376953125]","[993.8816528320312, 613.6376342773438]","[853.623291015625, 625.910400390625]"
"[1008.4984130859375, 272.6138916015625]","[794.2388305664062, 311.46710205078125]","[1083.2364501953125, 345.15130615234375]","[764.1704711914062, 482.9024658203125]","[1067.8125, 423.9151611328125]","[768.4224853515625, 623.5756225585938]","[993.56640625, 612.5882568359375]","[853.429931640625, 626.5874633789062]"
"[1014.2666015625, 268.5537414550781]","[792.7471923828125, 308.3565979003906]","[1095.8642578125, 351.42425537109375]","[760.3827514648438, 479.9651184082031]","[1060.421875, 426.6654052734375]","[767.3355102539062, 620.6639404296875]","[1000.527587890625, 615.7732543945312]","[855.230224609375, 629.2245483398438]"
"[1009.6944580078125, 264.3316650390625]","[791.8856201171875, 312.60198974609375]","[1097.087646484375, 317.569091796875]","[759.9766845703125, 479.7161865234375]","[1090.5550537109375, 393.5744934082031]","[766.75244140625, 620.9287109375]","[999.3055419921875, 614.358154296875]","[856.49365234375, 630.66015625]"
"[1005.952392578125, 262.21630859375]","[790.772705078125, 313.89666748046875]","[1101.9844970703125, 301.93878173828125]","[759.8268432617188, 479.4322509765625]","[1103.218505859375, 378.8128662109375]","[766.1119995117188, 620.5977783203125]","[998.1304931640625, 613.1349487304688]","[857.4805908203125, 630.2937622070312]"
"[1003.9630737304688, 261.2015380859375]","[789.7080078125, 313.0478515625]","[1110.72412109375, 295.36181640625]","[758.937744140625, 480.3782043457031]","[1122.6309814453125, 358.62322998046875]","[765.0118408203125, 621.193115234375]","[997.412353515625, 612.3023681640625]","[857.97021484375, 629.8869018554688]"
"[1002.459716796875, 259.11614990234375]","[789.2396850585938, 311.0559387207031]","[1117.9417724609375, 292.233642578125]","[758.9065551757812, 479.852294921875]","[1134.1142578125, 350.90093994140625]","[764.8206176757812, 622.5930786132812]","[996.8284912109375, 611.42529296875]","[858.962646484375, 629.1997680664062]"
"[1001.9114990234375, 255.22352600097656]","[786.6778564453125, 310.43975830078125]","[1125.9952392578125, 284.046875]","[759.1195678710938, 480.729248046875]","[1149.607666015625, 330.49169921875]","[763.0556030273438, 625.1384887695312]","[1000.002197265625, 603.891357421875]","[861.6063232421875, 624.7401733398438]"
"[1003.2288818359375, 251.98318481445312]","[784.9847412109375, 308.6045227050781]","[1148.623046875, 281.8862609863281]","[756.753173828125, 482.37030029296875]","[1178.0540771484375, 343.51995849609375]","[764.5253295898438, 625.1647338867188]","[999.61767578125, 603.4586181640625]","[861.00244140625, 624.966796875]"
"[996.5418701171875, 252.42025756835938]","[787.0931396484375, 311.853515625]","[1133.4716796875, 264.5531005859375]","[761.7380981445312, 482.1742858886719]","[1190.3653564453125, 299.23468017578125]","[768.1854248046875, 625.2063598632812]","[989.3106689453125, 611.3416748046875]","[854.7020874023438, 634.7547607421875]"
"[994.97265625, 250.11294555664062]","[786.7789306640625, 312.76422119140625]","[1131.368896484375, 245.21287536621094]","[756.2439575195312, 483.111572265625]","[1204.539306640625, 275.9669494628906]","[764.4078979492188, 624.5773315429688]","[992.267822265625, 608.6257934570312]","[858.31689453125, 629.952880859375]"
"[996.263671875, 249.21139526367188]","[783.4752197265625, 311.1143798828125]","[1152.1470947265625, 248.1788330078125]","[755.4839477539062, 483.0491638183594]","[1221.2939453125, 270.04644775390625]","[764.949951171875, 628.4873046875]","[992.1835327148438, 609.557373046875]","[857.2120971679688, 633.5164794921875]"
"[990.1287231445312, 249.18479919433594]","[783.2861938476562, 313.4923095703125]","[1116.765380859375, 240.4375762939453]","[755.8394775390625, 484.6419982910156]","[1215.4490966796875, 246.33633422851562]","[763.20458984375, 629.73828125]","[990.5684814453125, 606.96337890625]","[856.7195434570312, 631.561279296875]"
"[991.9156494140625, 251.25343322753906]","[784.8851318359375, 314.77288818359375]","[1110.76708984375, 234.01771545410156]","[759.09423828125, 483.8833923339844]","[1214.416259765625, 227.61900329589844]","[766.3698120117188, 628.0035400390625]","[986.0162353515625, 608.7557373046875]","[851.566162109375, 632.53662109375]"
"[991.8526611328125, 251.56077575683594]","[785.0685424804688, 314.98095703125]","[1109.9013671875, 233.09999084472656]","[758.6204223632812, 484.59869384765625]","[1228.038818359375, 212.58621215820312]","[766.5138549804688, 627.844970703125]","[986.164306640625, 608.7991333007812]","[851.8790283203125, 632.88330078125]"
"[993.4802856445312, 249.79971313476562]","[783.21142578125, 314.6796875]","[1112.560791015625, 225.91543579101562]","[755.6610717773438, 482.8277587890625]","[1234.6402587890625, 193.78573608398438]","[763.7506103515625, 629.8916625976562]","[990.2747802734375, 606.5685424804688]","[853.2069091796875, 630.581787109375]"
"[997.53759765625, 249.27783203125]","[783.1109619140625, 314.17572021484375]","[1134.355712890625, 215.4425811767578]","[755.5695190429688, 481.014404296875]","[1259.596435546875, 182.23934936523438]","[763.2884521484375, 628.0006103515625]","[991.18701171875, 605.594970703125]","[852.660400390625, 629.3447265625]"
"[998.9527587890625, 250.06411743164062]","[782.6934814453125, 314.8476867675781]","[1130.1767578125, 212.78924560546875]","[755.6439208984375, 480.2159729003906]","[1265.4034423828125, 164.2279815673828]","[761.71044921875, 628.1109619140625]","[992.4534912109375, 606.1669311523438]","[852.2149658203125, 629.8071899414062]"
"[1002.03173828125, 249.35540771484375]","[783.0364379882812, 314.5521240234375]","[1138.3333740234375, 201.81936645507812]","[757.22412109375, 477.6481018066406]","[1273.7786865234375, 146.35174560546875]","[761.16650390625, 626.778564453125]","[994.1715087890625, 605.675048828125]","[852.4420166015625, 628.8777465820312]"
"[1003.9420166015625, 249.7247772216797]","[783.5026245117188, 314.4915466308594]","[1134.79150390625, 200.3758544921875]","[758.0198364257812, 477.2079162597656]","[1272.78662109375, 129.50961303710938]","[760.5038452148438, 626.4721069335938]","[996.6124877929688, 605.2178344726562]","[853.7118530273438, 628.2507934570312]"
"[1005.2224731445312, 248.15052795410156]","[783.9970092773438, 313.38543701171875]","[1138.691162109375, 191.91561889648438]","[758.4185791015625, 475.63201904296875]","[1274.50244140625, 110.03091430664062]","[759.7955932617188, 625.0759887695312]","[998.126953125, 605.1627197265625]","[854.4977416992188, 628.2216796875]"
"[1007.0836181640625, 251.48779296875]","[786.4576416015625, 313.24658203125]","[1143.2701416015625, 188.85008239746094]","[760.9049072265625, 473.01556396484375]","[1271.8209228515625, 97.34406280517578]","[761.7804565429688, 621.694580078125]","[996.21337890625, 609.8731689453125]","[853.8486328125, 631.0902709960938]"
"[1008.8944702148438, 250.9129638671875]","[788.015625, 313.21441650390625]","[1147.7110595703125, 183.50021362304688]","[761.5408325195312, 473.20556640625]","[1269.109375, 84.24462890625]","[760.6707763671875, 619.631103515625]","[996.7144775390625, 612.3289794921875]","[854.4248657226562, 633.3624267578125]"
"[1010.1714477539062, 250.6094970703125]","[788.970458984375, 312.1867980957031]","[1145.7999267578125, 179.9823760986328]","[761.770263671875, 472.1434020996094]","[1258.900634765625, 70.93276977539062]","[760.032470703125, 617.61328125]","[997.15673828125, 612.1744995117188]","[854.516845703125, 632.826904296875]"
"[1011.21484375, 250.48681640625]","[790.1314697265625, 311.2732849121094]","[1147.5794677734375, 175.51483154296875]","[762.9449462890625, 470.72479248046875]","[1253.763427734375, 59.090606689453125]","[760.35693359375, 616.7498168945312]","[996.9556884765625, 611.5384521484375]","[854.5069580078125, 631.5911254882812]"
"[1011.6925048828125, 250.4268798828125]","[791.5963134765625, 310.3607482910156]","[1142.1845703125, 178.49191284179688]","[763.1595458984375, 470.20733642578125]","[1237.2344970703125, 63.92930603027344]","[759.8871459960938, 616.195068359375]","[997.8834228515625, 612.168701171875]","[855.433349609375, 631.857421875]"
"[1013.4207763671875, 250.22525024414062]","[792.5595703125, 310.4163513183594]","[1142.808837890625, 174.48660278320312]","[763.5001831054688, 469.7587890625]","[1237.2890625, 52.442596435546875]","[760.1864013671875, 617.1162109375]","[998.248046875, 612.169677734375]","[855.334716796875, 631.8517456054688]"
"[1014.9032592773438, 249.5792999267578]","[794.7459716796875, 307.39007568359375]","[1137.3033447265625, 170.1533203125]","[764.652099609375, 465.9443664550781]","[1225.5361328125, 36.168731689453125]","[759.8682250976562, 612.6268310546875]","[998.3843994140625, 614.3187255859375]","[855.1092529296875, 632.7911376953125]"
"[1019.0118408203125, 244.81076049804688]","[796.170166015625, 306.45709228515625]","[1136.755615234375, 163.90560913085938]","[763.8814086914062, 465.429931640625]","[1219.827880859375, 33.96038818359375]","[757.197265625, 613.1019287109375]","[1002.618896484375, 610.755859375]","[856.2998657226562, 631.1211547851562]"
"[1022.1776123046875, 243.48165893554688]","[797.8670654296875, 305.6714782714844]","[1141.4442138671875, 155.45269775390625]","[764.22265625, 462.136474609375]","[1219.6051025390625, 21.536636352539062]","[755.5504150390625, 610.2236328125]","[1003.4584350585938, 611.562255859375]","[856.311767578125, 631.6121826171875]"
"[1024.38134765625, 243.26239013671875]","[799.4847412109375, 305.1063537597656]","[1141.4891357421875, 152.19314575195312]","[764.1064453125, 460.5359802246094]","[1215.556640625, 11.730697631835938]","[754.610595703125, 607.8543701171875]","[1003.7899169921875, 608.8951416015625]","[856.352783203125, 628.7623901367188]"
"[1024.67919921875, 243.80758666992188]","[800.7647094726562, 304.3942565917969]","[1139.796875, 152.69595336914062]","[764.4063720703125, 459.91790771484375]","[1207.602783203125, 13.560287475585938]","[754.244384765625, 608.3740844726562]","[1003.33642578125, 610.2418823242188]","[856.1385498046875, 629.439453125]"
"[1024.01904296875, 247.04885864257812]","[800.4658813476562, 302.56829833984375]","[1141.8408203125, 155.91433715820312]","[765.3775634765625, 457.61334228515625]","[1201.9332275390625, 12.672088623046875]","[756.7022094726562, 606.4857177734375]","[999.9610595703125, 612.137939453125]","[853.9332275390625, 628.876220703125]"
"[1025.4791259765625, 243.94908142089844]","[804.4586791992188, 302.62054443359375]","[1133.5863037109375, 157.45599365234375]","[765.2548217773438, 459.9231262207031]","[1193.1151123046875, 20.637496948242188]","[753.7319946289062, 607.9932861328125]","[1003.533447265625, 610.2614135742188]","[857.453125, 628.6220092773438]"
"[1024.5367431640625, 245.25033569335938]","[806.936767578125, 302.5179443359375]","[1128.626953125, 161.93820190429688]","[765.681640625, 458.98309326171875]","[1183.44580078125, 28.36761474609375]","[753.1616821289062, 607.75732421875]","[1002.5692749023438, 610.5740966796875]","[858.4437255859375, 628.312255859375]"
"[1022.8160400390625, 247.0883331298828]","[808.7332763671875, 303.1221618652344]","[1123.2484130859375, 161.89329528808594]","[767.273193359375, 458.44140625]","[1175.575927734375, 26.8626708984375]","[753.2681884765625, 608.445068359375]","[1002.2059936523438, 610.4168701171875]","[859.7070922851562, 627.689453125]"
"[1022.7727661132812, 249.08583068847656]","[810.6878662109375, 303.91156005859375]","[1121.9691162109375, 160.2542266845703]","[769.119140625, 455.6666564941406]","[1172.5054931640625, 24.389190673828125]","[754.2317504882812, 607.737060546875]","[1001.3236083984375, 611.4866943359375]","[859.9883422851562, 628.0770263671875]"
"[1022.8394165039062, 249.95291137695312]","[811.7630615234375, 304.2222900390625]","[1121.6072998046875, 161.12132263183594]","[769.798095703125, 454.5572204589844]","[1167.437744140625, 24.68499755859375]","[754.262939453125, 606.550537109375]","[1001.708984375, 611.4069213867188]","[861.0006103515625, 627.5848388671875]"
"[1021.50927734375, 250.7731475830078]","[812.1820068359375, 303.86138916015625]","[1118.471435546875, 166.68960571289062]","[770.5662841796875, 455.8404541015625]","[1162.544189453125, 28.327285766601562]","[755.594970703125, 605.8247680664062]","[1000.6898193359375, 611.5550537109375]","[860.9842529296875, 627.2329711914062]"
"[1020.59716796875, 251.77618408203125]","[812.6494140625, 303.7112121582031]","[1115.779296875, 170.1566162109375]","[772.03564453125, 454.75274658203125]","[1157.4154052734375, 30.835098266601562]","[756.7598876953125, 604.5445556640625]","[1000.4281005859375, 611.7720947265625]","[861.3931884765625, 627.0394287109375]"
"[1019.8218994140625, 252.74473571777344]","[813.441650390625, 303.6380615234375]","[1114.533447265625, 170.005615234375]","[773.4003295898438, 452.6842041015625]","[1152.7802734375, 30.74395751953125]","[758.7427978515625, 603.7642822265625]","[999.2930908203125, 611.334716796875]","[861.2177124023438, 625.9854736328125]"
"[1019.4090576171875, 253.5743865966797]","[813.89697265625, 304.2002868652344]","[1111.776611328125, 170.41781616210938]","[774.3759155273438, 451.734375]","[1147.510498046875, 32.839141845703125]","[759.8814697265625, 602.0843505859375]","[999.0349731445312, 611.89501953125]","[861.3630981445312, 626.4811401367188]"
"[1019.5402221679688, 252.9600830078125]","[815.5189819335938, 304.8751220703125]","[1110.0970458984375, 167.41067504882812]","[775.9095458984375, 452.3599853515625]","[1140.7127685546875, 37.369354248046875]","[761.3841552734375, 602.4801025390625]","[998.96826171875, 612.1180419921875]","[862.0109252929688, 626.73876953125]"
"[1018.073974609375, 253.74874877929688]","[816.3532104492188, 305.1328430175781]","[1107.2755126953125, 168.35250854492188]","[778.6182861328125, 449.109130859375]","[1127.28564453125, 42.77742004394531]","[762.4879760742188, 600.6754760742188]","[998.0543212890625, 612.3109130859375]","[862.2723388671875, 626.7759399414062]"
"[1017.9149169921875, 254.5030975341797]","[816.2587890625, 308.4466552734375]","[1102.548828125, 169.0172119140625]","[777.9522705078125, 452.02618408203125]","[1112.50146484375, 45.297088623046875]","[761.6937255859375, 602.5076904296875]","[1000.941650390625, 606.8924560546875]","[863.9241943359375, 622.01904296875]"
"[1016.2597045898438, 255.9221649169922]","[817.0126953125, 310.027587890625]","[1097.4892578125, 169.77085876464844]","[780.0765380859375, 452.0719299316406]","[1099.60888671875, 47.27764892578125]","[762.653564453125, 602.4130859375]","[999.9281005859375, 607.7963256835938]","[864.035888671875, 623.0020141601562]"
"[1015.354736328125, 256.25238037109375]","[817.6644287109375, 310.1016845703125]","[1091.4649658203125, 171.02359008789062]","[782.04736328125, 450.5599365234375]","[1086.3612060546875, 49.45001220703125]","[763.4161376953125, 600.8735961914062]","[999.33251953125, 609.3370971679688]","[863.9326171875, 624.2033081054688]"
"[1015.2980346679688, 255.91360473632812]","[818.4154052734375, 310.9089050292969]","[1086.83740234375, 168.7909698486328]","[784.02734375, 451.1177673339844]","[1074.3419189453125, 48.804107666015625]","[764.7077026367188, 600.2230224609375]","[999.478271484375, 609.8748779296875]","[864.0933837890625, 624.759765625]"
"[1012.0585327148438, 258.57086181640625]","[816.8804931640625, 308.305419921875]","[1077.3485107421875, 183.70556640625]","[784.5335083007812, 451.27716064453125]","[1056.619140625, 48.147674560546875]","[768.4742431640625, 600.45703125]","[994.1961669921875, 610.300048828125]","[860.976806640625, 623.635986328125]"
"[1011.3544921875, 259.8409118652344]","[817.7565307617188, 309.62127685546875]","[1071.1307373046875, 184.52084350585938]","[785.93505859375, 452.8523254394531]","[1035.4365234375, 42.0758056640625]","[769.9920043945312, 600.7537231445312]","[993.5963745117188, 612.12548828125]","[860.6591796875, 625.1806640625]"
"[1009.7799072265625, 261.900146484375]","[818.6800537109375, 309.4339599609375]","[1065.71435546875, 194.23455810546875]","[788.22021484375, 453.426513671875]","[1012.6192626953125, 42.90545654296875]","[770.4083251953125, 599.76171875]","[991.855712890625, 613.3327026367188]","[859.9549560546875, 625.7137451171875]"
"[1009.8755493164062, 262.8044128417969]","[820.1123046875, 308.3883361816406]","[1062.12548828125, 201.86239624023438]","[790.0931396484375, 452.2515563964844]","[996.9087524414062, 54.65309143066406]","[770.5830688476562, 599.643798828125]","[990.9402465820312, 614.8134765625]","[859.4463500976562, 626.4142456054688]"
"[1010.81689453125, 262.33624267578125]","[817.6510009765625, 310.5722961425781]","[1058.9564208984375, 209.67787170410156]","[787.0563354492188, 456.0898132324219]","[986.51953125, 68.07737731933594]","[766.8077392578125, 595.7637329101562]","[990.70166015625, 620.2784423828125]","[854.7855224609375, 630.4576416015625]"
"[1011.617431640625, 261.93133544921875]","[819.185302734375, 311.58831787109375]","[1050.486572265625, 205.50242614746094]","[787.677978515625, 457.0884704589844]","[956.6057739257812, 57.04216003417969]","[766.3352661132812, 596.0032348632812]","[991.716552734375, 622.4808959960938]","[855.6355590820312, 632.790283203125]"
"[1010.27490234375, 263.3037414550781]","[819.2242431640625, 311.1962890625]","[1045.628662109375, 213.703857421875]","[788.1209716796875, 455.7051086425781]","[950.1578979492188, 72.16374206542969]","[766.2218017578125, 594.6586303710938]","[989.987060546875, 621.580078125]","[854.9085693359375, 631.0386962890625]"
"[1010.54736328125, 265.7395935058594]","[819.93310546875, 311.42376708984375]","[1040.3623046875, 221.1704864501953]","[789.5386962890625, 455.19854736328125]","[930.9918212890625, 78.60992431640625]","[767.0994873046875, 595.1556396484375]","[990.1898803710938, 621.8385009765625]","[854.89013671875, 630.580322265625]"
"[1010.319091796875, 266.39306640625]","[819.9609375, 309.43218994140625]","[1038.38818359375, 226.50045776367188]","[791.2260131835938, 454.4797668457031]","[915.1484375, 87.41757202148438]","[767.1372680664062, 592.74658203125]","[989.9512939453125, 623.5098876953125]","[854.276611328125, 631.3291625976562]"
"[1011.5706787109375, 265.17230224609375]","[820.518310546875, 308.75439453125]","[1039.586669921875, 226.72531127929688]","[791.5792236328125, 454.24676513671875]","[910.2198486328125, 93.75645446777344]","[767.3817138671875, 592.6259765625]","[990.4512939453125, 623.745361328125]","[854.2970581054688, 631.425537109375]"
"[1012.249267578125, 265.0556640625]","[820.4295043945312, 308.37127685546875]","[1040.6259765625, 224.4598846435547]","[793.070068359375, 451.95098876953125]","[906.9680786132812, 95.67366027832031]","[767.3446044921875, 591.2410888671875]","[989.330078125, 623.3070068359375]","[852.62939453125, 630.5322265625]"
"[1013.4068603515625, 263.3052062988281]","[820.2613525390625, 308.98388671875]","[1042.624755859375, 216.83258056640625]","[793.8504638671875, 453.2342834472656]","[904.630859375, 92.58412170410156]","[767.474853515625, 591.66162109375]","[989.9168701171875, 622.6875]","[852.3576049804688, 630.7066040039062]"
"[1014.7288818359375, 263.0290222167969]","[820.324462890625, 310.5185241699219]","[1046.12890625, 211.0217742919922]","[793.8846435546875, 453.5843811035156]","[904.7978515625, 88.94357299804688]","[768.0125732421875, 591.7039794921875]","[989.315673828125, 623.229248046875]","[851.1077880859375, 631.5322875976562]"
"[1015.88671875, 263.1300048828125]","[821.09130859375, 313.10528564453125]","[1052.258544921875, 202.68740844726562]","[793.8299560546875, 453.8692626953125]","[905.98095703125, 85.27226257324219]","[767.372802734375, 592.9148559570312]","[988.688720703125, 623.8743896484375]","[850.7384033203125, 632.6126708984375]"
"[1018.3829345703125, 261.2493896484375]","[822.5068359375, 313.2318115234375]","[1054.5008544921875, 196.81224060058594]","[795.060791015625, 453.3791198730469]","[907.76806640625, 79.61274719238281]","[767.180908203125, 593.3702392578125]","[990.046630859375, 623.333984375]","[851.3501586914062, 632.5958862304688]"
"[1019.7559204101562, 259.6017150878906]","[822.117919921875, 313.7978515625]","[1056.1900634765625, 189.51219177246094]","[794.5513916015625, 454.0046081542969]","[909.6097412109375, 76.83966064453125]","[767.7041015625, 594.4053955078125]","[989.564697265625, 623.0073852539062]","[849.9021606445312, 632.9058837890625]"
"[1020.798583984375, 257.8988037109375]","[822.3768310546875, 314.7576904296875]","[1057.947509765625, 176.7633819580078]","[795.4844970703125, 451.8512878417969]","[906.9618530273438, 72.18305969238281]","[767.75927734375, 594.2109375]","[989.9815063476562, 624.833984375]","[849.2330322265625, 635.4107666015625]"
"[1021.839111328125, 257.61907958984375]","[823.7466430664062, 315.6104736328125]","[1061.746826171875, 171.20201110839844]","[795.3914794921875, 451.3092956542969]","[910.0931396484375, 72.86274719238281]","[768.2883911132812, 594.7970581054688]","[989.7413330078125, 625.1664428710938]","[849.5076904296875, 635.795654296875]"
"[1023.1180419921875, 255.73080444335938]","[824.2267456054688, 316.942626953125]","[1066.7196044921875, 160.40748596191406]","[796.2296142578125, 450.50518798828125]","[909.16064453125, 68.94680786132812]","[768.9962768554688, 594.968994140625]","[990.2630615234375, 625.1796875]","[849.6246337890625, 636.7142333984375]"
"[1023.281982421875, 254.81272888183594]","[824.7269897460938, 318.4755859375]","[1066.554443359375, 152.25027465820312]","[795.816162109375, 451.531982421875]","[904.6065673828125, 55.84254455566406]","[768.9109497070312, 597.5521240234375]","[990.0494384765625, 624.6150512695312]","[849.7882690429688, 636.6544799804688]"
"[1024.0958251953125, 253.48448181152344]","[824.7105102539062, 318.11236572265625]","[1066.6298828125, 147.85171508789062]","[796.0423583984375, 451.85614013671875]","[904.7872314453125, 48.14195251464844]","[768.8464965820312, 598.5560302734375]","[990.8248901367188, 625.103515625]","[849.8388671875, 637.4500122070312]"
"[1025.686767578125, 253.60743713378906]","[827.6658325195312, 315.7093505859375]","[1064.4501953125, 129.9883575439453]","[798.114990234375, 448.946044921875]","[912.7816772460938, 44.035308837890625]","[774.5364990234375, 598.8550415039062]","[990.3121337890625, 619.0376586914062]","[852.66748046875, 632.0809936523438]"
"[1025.0413818359375, 250.73025512695312]","[825.0997924804688, 318.2383728027344]","[1069.5087890625, 136.87655639648438]","[795.7218017578125, 452.02056884765625]","[917.2569580078125, 37.60093688964844]","[770.1436157226562, 598.9163818359375]","[991.3884887695312, 624.160400390625]","[850.2105102539062, 637.5498657226562]"
"[1024.33642578125, 249.77737426757812]","[824.59619140625, 317.76068115234375]","[1071.7440185546875, 135.49864196777344]","[794.9086303710938, 451.951416015625]","[924.386474609375, 37.49903869628906]","[770.7841186523438, 598.671875]","[992.100830078125, 623.13037109375]","[851.1163330078125, 636.543701171875]"
"[1024.0992431640625, 249.772705078125]","[826.186767578125, 315.47625732421875]","[1072.2315673828125, 115.33364868164062]","[796.353271484375, 449.88665771484375]","[934.7202758789062, 38.52374267578125]","[775.6011962890625, 600.5118408203125]","[990.5667114257812, 618.1946411132812]","[853.3976440429688, 632.4736938476562]"
"[1024.4915771484375, 248.9607696533203]","[825.6451416015625, 315.30316162109375]","[1078.4273681640625, 115.40185546875]","[795.8062133789062, 449.76605224609375]","[944.343017578125, 37.32179260253906]","[775.1678466796875, 599.1553344726562]","[991.4954223632812, 617.3263549804688]","[853.9305419921875, 631.9099731445312]"
"[1023.791015625, 247.5135955810547]","[824.1838989257812, 314.8955078125]","[1085.2366943359375, 112.21307373046875]","[794.5533447265625, 450.84466552734375]","[961.07421875, 38.89961242675781]","[774.439453125, 599.4697265625]","[991.9229736328125, 617.0389404296875]","[854.2040405273438, 632.0806274414062]"
"[1022.390625, 247.03509521484375]","[822.297607421875, 314.7286376953125]","[1094.283935546875, 112.24076843261719]","[792.5428466796875, 451.220947265625]","[985.7001342773438, 38.11885070800781]","[774.0939331054688, 598.46142578125]","[991.7111206054688, 615.4733276367188]","[854.4044189453125, 630.9288940429688]"
"[1023.721435546875, 249.51693725585938]","[821.6214599609375, 314.6143798828125]","[1101.7725830078125, 106.28084564208984]","[792.888427734375, 451.39837646484375]","[986.99560546875, 24.5364990234375]","[772.98974609375, 595.6424560546875]","[986.074951171875, 626.9296875]","[849.0391845703125, 641.1025390625]"
"[1023.1881103515625, 249.83050537109375]","[819.65966796875, 313.335693359375]","[1109.19775390625, 109.20011901855469]","[791.2498779296875, 451.5911865234375]","[1004.455810546875, 25.02520751953125]","[770.9071655273438, 596.390869140625]","[986.3170166015625, 627.6710205078125]","[848.822265625, 641.4527587890625]"
"[1020.677001953125, 252.101318359375]","[821.56591796875, 314.4361572265625]","[1114.7542724609375, 118.04241943359375]","[788.3194580078125, 451.954833984375]","[1012.8983154296875, 20.922821044921875]","[766.1098022460938, 598.4759521484375]","[986.3577880859375, 627.2526245117188]","[851.9240112304688, 641.579833984375]"
"[1021.862060546875, 251.18698120117188]","[819.988037109375, 313.4237365722656]","[1122.128662109375, 117.46158599853516]","[785.5150146484375, 452.29376220703125]","[1024.8338623046875, 17.932662963867188]","[762.43408203125, 599.5678100585938]","[987.654052734375, 627.5208129882812]","[851.8309936523438, 641.7106323242188]"
"[1023.0946044921875, 250.1916046142578]","[819.5185546875, 311.7925720214844]","[1126.323974609375, 121.47340393066406]","[784.18505859375, 452.6042175292969]","[1045.5765380859375, 14.942916870117188]","[759.0909423828125, 602.52490234375]","[988.705322265625, 625.1373291015625]","[852.497314453125, 639.3067016601562]"
"[1022.4862060546875, 251.341552734375]","[818.4640502929688, 311.5552062988281]","[1129.61962890625, 124.98884582519531]","[782.0565185546875, 452.18963623046875]","[1063.6707763671875, 17.67755126953125]","[756.07958984375, 602.7613525390625]","[989.0445556640625, 625.521728515625]","[852.8076171875, 639.3372192382812]"
"[1022.505126953125, 251.92828369140625]","[817.7215576171875, 311.0521240234375]","[1132.1092529296875, 128.7310791015625]","[779.889892578125, 451.93536376953125]","[1076.966064453125, 17.795791625976562]","[753.4614868164062, 602.126708984375]","[989.1500244140625, 624.8948364257812]","[852.72802734375, 638.396728515625]"
"[1022.8218383789062, 251.98924255371094]","[817.6265869140625, 309.9419860839844]","[1133.906494140625, 131.52828979492188]","[779.658447265625, 451.296875]","[1091.21533203125, 16.936386108398438]","[752.52734375, 600.918701171875]","[990.120361328125, 624.36767578125]","[853.4151611328125, 637.9564208984375]"
"[1023.4297485351562, 252.43707275390625]","[817.2806396484375, 309.4975891113281]","[1132.3846435546875, 131.54794311523438]","[779.3637084960938, 451.023681640625]","[1096.848876953125, 4.915557861328125]","[752.1126708984375, 600.8589477539062]","[990.045654296875, 623.7117919921875]","[852.7001953125, 636.958740234375]"
"[1023.4249877929688, 252.88018798828125]","[817.130126953125, 309.3328552246094]","[1131.706787109375, 132.04481506347656]","[778.4251708984375, 451.015625]","[1106.6104736328125, 0.0]","[752.0254516601562, 599.8804321289062]","[990.1077880859375, 622.9430541992188]","[852.636474609375, 636.275390625]"
"[1022.0419921875, 254.65516662597656]","[817.316162109375, 309.28631591796875]","[1128.65283203125, 139.75650024414062]","[778.1665649414062, 450.966064453125]","[1120.30859375, 0.3903350830078125]","[752.3973999023438, 599.8448486328125]","[989.2432250976562, 622.056396484375]","[852.65673828125, 635.1414794921875]"
"[1022.5508422851562, 255.01515197753906]","[817.0201416015625, 308.7353210449219]","[1128.6312255859375, 142.70925903320312]","[777.9069213867188, 450.9766845703125]","[1125.5216064453125, 0.0]","[753.323486328125, 599.9727172851562]","[989.4266967773438, 620.7857666015625]","[852.3499755859375, 633.7677001953125]"
"[1021.84375, 255.1127471923828]","[817.4573364257812, 307.58599853515625]","[1127.74462890625, 146.83184814453125]","[778.3591918945312, 449.467529296875]","[1134.251708984375, 7.397735595703125]","[753.44580078125, 598.367919921875]","[989.1832275390625, 620.1318359375]","[852.644287109375, 632.982421875]"
"[1022.2181396484375, 255.8919677734375]","[818.144775390625, 307.28912353515625]","[1128.778076171875, 147.14715576171875]","[779.494873046875, 448.9518127441406]","[1135.3739013671875, 5.6402435302734375]","[754.525390625, 598.6039428710938]","[988.822509765625, 620.6046142578125]","[852.5450439453125, 632.8828735351562]"
"[1022.1807861328125, 257.91204833984375]","[818.4815673828125, 306.5607604980469]","[1126.4425048828125, 158.17752075195312]","[780.1019897460938, 448.8104248046875]","[1139.497314453125, 13.204055786132812]","[755.92138671875, 598.646240234375]","[989.259521484375, 620.2897338867188]","[852.9737548828125, 631.7703247070312]"
"[1022.7880859375, 258.2939453125]","[818.8282470703125, 306.7218933105469]","[1126.376220703125, 159.38052368164062]","[780.40478515625, 448.9704895019531]","[1140.801025390625, 12.712966918945312]","[756.1771240234375, 597.808837890625]","[989.48193359375, 621.1448974609375]","[853.01123046875, 632.5675659179688]"
"[1023.1426391601562, 258.5249328613281]","[819.386474609375, 306.8531799316406]","[1127.208740234375, 158.26739501953125]","[780.9475708007812, 447.91693115234375]","[1141.077880859375, 11.535232543945312]","[757.5797119140625, 598.1760864257812]","[989.0931396484375, 620.39697265625]","[852.9249267578125, 631.8048095703125]"
"[1022.7308349609375, 259.5640869140625]","[819.6483764648438, 306.3760986328125]","[1125.72705078125, 164.87576293945312]","[781.4771118164062, 447.8024597167969]","[1142.913818359375, 17.274032592773438]","[758.2178955078125, 597.4073486328125]","[988.6488037109375, 620.03955078125]","[852.9556884765625, 630.9496459960938]"
"[1023.6923217773438, 259.0224609375]","[820.2467651367188, 307.2017822265625]","[1127.965087890625, 160.5039825439453]","[781.964111328125, 448.41162109375]","[1141.802001953125, 13.206619262695312]","[759.2694091796875, 596.8558349609375]","[989.2388916015625, 619.8282470703125]","[853.3939208984375, 631.1356201171875]"
"[1023.5970458984375, 259.5464782714844]","[820.59033203125, 307.40301513671875]","[1127.67529296875, 162.64117431640625]","[782.5850830078125, 447.99761962890625]","[1142.305908203125, 15.96038818359375]","[759.3108520507812, 596.184326171875]","[988.9984130859375, 620.0196533203125]","[853.42724609375, 631.14013671875]"
"[1023.7943115234375, 259.50738525390625]","[820.7877197265625, 307.3310546875]","[1127.582763671875, 163.6475372314453]","[782.7841186523438, 448.2878723144531]","[1143.0911865234375, 16.80230712890625]","[759.480712890625, 596.3318481445312]","[989.22900390625, 619.3294677734375]","[853.6307373046875, 630.4312744140625]"
"[1023.87841796875, 259.5994873046875]","[820.8953857421875, 307.4231872558594]","[1128.9801025390625, 162.01968383789062]","[783.250244140625, 448.861083984375]","[1141.683349609375, 13.631607055664062]","[760.4251708984375, 597.0910034179688]","[989.391845703125, 620.554931640625]","[853.7965087890625, 631.6085205078125]"
"[1024.3477783203125, 259.62841796875]","[820.844970703125, 307.88568115234375]","[1129.4481201171875, 160.94528198242188]","[784.0134887695312, 448.6695556640625]","[1142.335205078125, 14.9051513671875]","[760.8369140625, 596.7647705078125]","[989.8643188476562, 619.8828735351562]","[853.8128662109375, 631.0174560546875]"
"[1024.4185791015625, 260.451904296875]","[821.190673828125, 307.1182861328125]","[1127.20263671875, 166.73287963867188]","[784.52294921875, 447.96343994140625]","[1142.927734375, 16.170272827148438]","[760.918212890625, 596.8711547851562]","[989.5244750976562, 620.9716796875]","[853.4514770507812, 631.6558837890625]"
"[1024.66162109375, 260.43231201171875]","[821.244873046875, 307.1022644042969]","[1127.704345703125, 164.83827209472656]","[785.35498046875, 448.52471923828125]","[1143.749755859375, 13.847625732421875]","[761.0765991210938, 597.0999755859375]","[989.7763671875, 622.0567626953125]","[853.14111328125, 632.7908935546875]"
"[1026.4991455078125, 259.76715087890625]","[821.4613037109375, 307.74847412109375]","[1130.587158203125, 158.50692749023438]","[786.1799926757812, 447.9833679199219]","[1143.142578125, 9.741256713867188]","[761.28759765625, 597.5435791015625]","[989.96875, 621.5220947265625]","[851.7568359375, 632.6925048828125]"
"[1025.966064453125, 259.0148010253906]","[821.757568359375, 306.2564392089844]","[1133.5777587890625, 154.9936065673828]","[787.5510864257812, 448.2288818359375]","[1142.921630859375, 8.736785888671875]","[760.9503784179688, 597.8629150390625]","[988.9713134765625, 623.4542236328125]","[850.3873901367188, 634.626953125]"
"[1025.7001953125, 259.24554443359375]","[821.4757080078125, 303.95965576171875]","[1136.031494140625, 152.45040893554688]","[789.1885986328125, 449.2753601074219]","[1142.7862548828125, 6.8671875]","[760.9007568359375, 597.9114379882812]","[989.3366088867188, 624.8223266601562]","[848.4307861328125, 634.8011474609375]"
"[1025.2655029296875, 260.76019287109375]","[822.175048828125, 302.5157775878906]","[1137.1728515625, 158.2889404296875]","[790.0054321289062, 449.8649597167969]","[1142.465087890625, 12.52899169921875]","[760.4940795898438, 597.2839965820312]","[988.9788818359375, 625.1590576171875]","[847.1200561523438, 633.57373046875]"
"[1025.5040283203125, 260.6919250488281]","[823.0933837890625, 300.0232849121094]","[1136.91845703125, 161.72891235351562]","[791.5257568359375, 449.98883056640625]","[1143.482421875, 13.323577880859375]","[760.3364868164062, 596.731201171875]","[989.8126220703125, 624.0155639648438]","[846.8040771484375, 631.3115844726562]"
"[1024.833984375, 260.0989685058594]","[822.991943359375, 300.024658203125]","[1138.21630859375, 158.90133666992188]","[792.2105712890625, 448.6425476074219]","[1144.47021484375, 14.161102294921875]","[759.54296875, 594.186767578125]","[990.41162109375, 621.9251098632812]","[847.3919677734375, 629.2003173828125]"
"[1023.801513671875, 260.8143310546875]","[823.3138427734375, 299.7421875]","[1137.1746826171875, 163.92640686035156]","[792.61083984375, 448.8703308105469]","[1145.3349609375, 18.000228881835938]","[759.3712768554688, 593.3988037109375]","[989.1353759765625, 621.6685791015625]","[846.7642822265625, 628.7457275390625]"
"[1022.9049072265625, 261.322265625]","[823.031005859375, 299.74102783203125]","[1136.7335205078125, 169.83670043945312]","[794.3406982421875, 447.91168212890625]","[1146.3277587890625, 22.935745239257812]","[760.316650390625, 592.3914184570312]","[988.159912109375, 620.3955688476562]","[845.93701171875, 627.1170654296875]"
"[1022.0789794921875, 260.048828125]","[823.195068359375, 300.4194030761719]","[1138.80126953125, 162.06414794921875]","[795.1826171875, 448.40496826171875]","[1144.872314453125, 18.967941284179688]","[760.1742553710938, 592.2100830078125]","[987.2431640625, 621.439697265625]","[845.7654418945312, 628.4569091796875]"
"[1018.903076171875, 261.6288146972656]","[823.2001953125, 299.9052734375]","[1136.18603515625, 171.12820434570312]","[795.2423095703125, 448.6668701171875]","[1143.358154296875, 22.435089111328125]","[760.3091430664062, 591.3981323242188]","[984.5489501953125, 620.7864990234375]","[845.144775390625, 627.3858642578125]"
"[1018.5347900390625, 262.40533447265625]","[822.432861328125, 300.47705078125]","[1137.1337890625, 171.53488159179688]","[795.0289306640625, 449.36749267578125]","[1143.0048828125, 26.211593627929688]","[760.9240112304688, 591.683837890625]","[984.1569213867188, 621.4801635742188]","[844.58544921875, 628.0299072265625]"
"[1017.1452026367188, 263.7830505371094]","[822.072998046875, 301.0174560546875]","[1134.244140625, 178.53073120117188]","[795.8681030273438, 449.7313232421875]","[1141.7510986328125, 30.994400024414062]","[760.836181640625, 591.48974609375]","[983.58544921875, 620.3909912109375]","[844.340576171875, 626.8521118164062]"
