l_shoulder,r_shoulder,l_elbow,r_elbow,l_wrist,r_wrist,l_hip,r_hip
"[1121.883056640625, 617.8389892578125]","[921.8663330078125, 623.6270141601562]","[1149.408447265625, 768.7882690429688]","[882.3541259765625, 774.2435302734375]","[1151.25390625, 916.1859741210938]","[865.96728515625, 916.8561401367188]","[1088.60595703125, 929.9818725585938]","[959.2991943359375, 934.4738159179688]"
"[1121.0870361328125, 617.9779663085938]","[924.9681396484375, 624.0157470703125]","[1149.71533203125, 770.4684448242188]","[883.9649047851562, 774.255126953125]","[1150.141357421875, 918.2869262695312]","[867.8798217773438, 915.0723266601562]","[1087.1915283203125, 930.0570068359375]","[960.086669921875, 934.0107421875]"
"[1120.900634765625, 617.698486328125]","[924.6589965820312, 624.0894165039062]","[1149.487060546875, 770.1851806640625]","[883.8568725585938, 774.822998046875]","[1150.027099609375, 918.1129760742188]","[867.34521484375, 915.6553955078125]","[1086.69140625, 929.3958740234375]","[959.5101318359375, 933.4682006835938]"
"[1121.0657958984375, 618.23046875]","[924.8871459960938, 624.4588623046875]","[1149.6151123046875, 771.573974609375]","[884.0293579101562, 775.0675048828125]","[1149.75390625, 918.70654296875]","[868.0336303710938, 916.511474609375]","[1087.286865234375, 930.8684692382812]","[960.246337890625, 934.9534912109375]"
"[1121.1845703125, 617.8764038085938]","[925.0521240234375, 624.245361328125]","[1149.536865234375, 771.4063110351562]","[884.1406860351562, 774.7146606445312]","[1149.6710205078125, 918.3131103515625]","[868.174560546875, 915.99853515625]","[1087.334716796875, 931.2525634765625]","[960.2385864257812, 935.37744140625]"
"[1120.86767578125, 617.726318359375]","[924.8091430664062, 624.3729858398438]","[1149.7154541015625, 770.91748046875]","[884.2904052734375, 775.1815795898438]","[1149.92529296875, 918.43798828125]","[868.7880859375, 916.09033203125]","[1086.929931640625, 930.985107421875]","[959.9232788085938, 935.2076416015625]"
"[1120.767578125, 618.0521240234375]","[924.7166748046875, 624.5638427734375]","[1149.627197265625, 770.399169921875]","[884.230224609375, 775.1953125]","[1149.934326171875, 918.3084716796875]","[869.2548828125, 916.6137084960938]","[1086.98046875, 931.425048828125]","[959.8446044921875, 935.6348876953125]"
"[1120.7177734375, 618.1551513671875]","[924.6113891601562, 624.6376953125]","[1149.543701171875, 770.333740234375]","[884.075927734375, 775.2222290039062]","[1149.956298828125, 918.1605834960938]","[869.3553466796875, 916.609375]","[1086.99169921875, 931.7235107421875]","[959.7286376953125, 935.9337158203125]"
"[1120.725830078125, 617.9754028320312]","[924.5568237304688, 624.4187622070312]","[1149.1324462890625, 770.5894775390625]","[883.6531982421875, 775.3121337890625]","[1149.8507080078125, 918.3236083984375]","[868.9921875, 916.207275390625]","[1087.0513916015625, 930.7335205078125]","[959.9869995117188, 934.9713134765625]"
"[1120.821044921875, 617.96533203125]","[924.807373046875, 624.1608276367188]","[1148.7191162109375, 770.4435424804688]","[884.0941162109375, 774.9832763671875]","[1150.0738525390625, 918.4125366210938]","[868.62890625, 916.4701538085938]","[1087.16357421875, 930.33203125]","[960.0994873046875, 934.4016723632812]"
"[1120.7076416015625, 617.8197021484375]","[924.708251953125, 624.2220458984375]","[1149.013671875, 769.9278564453125]","[884.0306396484375, 775.3492431640625]","[1150.2666015625, 918.3763427734375]","[868.2376708984375, 916.72412109375]","[1087.5396728515625, 930.9058837890625]","[960.4781494140625, 935.0548095703125]"
"[1120.995361328125, 617.897216796875]","[924.5524291992188, 624.4296264648438]","[1149.1253662109375, 769.8759765625]","[883.4913940429688, 775.4195556640625]","[1150.6668701171875, 918.56787109375]","[867.536376953125, 916.03125]","[1087.7216796875, 929.96484375]","[960.4847412109375, 934.2130737304688]"
"[1121.343505859375, 617.9781494140625]","[924.684814453125, 624.3525390625]","[1149.642822265625, 770.6273193359375]","[883.490234375, 775.5010986328125]","[1150.7371826171875, 918.54052734375]","[866.9967041015625, 916.0343627929688]","[1087.7227783203125, 929.4039916992188]","[960.4293212890625, 933.5655517578125]"
"[1121.4921875, 617.862548828125]","[924.9237670898438, 624.167236328125]","[1149.9482421875, 770.2659301757812]","[883.67138671875, 775.279052734375]","[1151.25146484375, 918.4063720703125]","[866.971923828125, 916.2003173828125]","[1087.8985595703125, 929.042724609375]","[960.6126708984375, 933.15087890625]"
"[1121.5458984375, 617.8427734375]","[924.8472900390625, 623.98828125]","[1150.161865234375, 769.6954345703125]","[883.2982177734375, 775.5584716796875]","[1151.406982421875, 918.341552734375]","[866.7225952148438, 916.4481811523438]","[1087.9564208984375, 929.0050048828125]","[960.5906982421875, 933.06884765625]"
"[1122.0799560546875, 618.3487548828125]","[924.8056640625, 623.9490356445312]","[1150.693603515625, 770.5443115234375]","[883.3851928710938, 775.2154541015625]","[1151.7052001953125, 918.4736938476562]","[866.4820556640625, 916.52685546875]","[1088.0369873046875, 931.611572265625]","[960.4546508789062, 935.5230102539062]"
"[1122.10400390625, 618.1300048828125]","[925.0014038085938, 623.713134765625]","[1150.787109375, 770.1090087890625]","[883.3250732421875, 775.341796875]","[1151.895751953125, 918.48193359375]","[866.4737548828125, 916.5274658203125]","[1088.5350341796875, 931.6685791015625]","[960.9298095703125, 935.5814208984375]"
"[1122.6815185546875, 618.4528198242188]","[925.236328125, 623.978271484375]","[1151.0029296875, 770.977783203125]","[883.48388671875, 775.6566162109375]","[1151.77734375, 918.4910888671875]","[865.6946411132812, 916.804931640625]","[1088.21875, 931.6638793945312]","[960.4070434570312, 935.472900390625]"
"[1122.746826171875, 618.5640869140625]","[925.402099609375, 624.0520629882812]","[1151.08203125, 770.967041015625]","[883.4869384765625, 775.914794921875]","[1151.807861328125, 918.21630859375]","[866.015625, 916.6025390625]","[1088.5355224609375, 932.2423095703125]","[960.7490844726562, 936.077880859375]"
"[1122.74755859375, 618.4993286132812]","[925.34326171875, 624.0221557617188]","[1151.1845703125, 770.8284301757812]","[883.42822265625, 775.9111328125]","[1152.0018310546875, 917.8773193359375]","[865.9530029296875, 916.3956298828125]","[1088.71044921875, 932.503662109375]","[960.92041015625, 936.3883056640625]"
"[1123.506591796875, 618.449951171875]","[926.15185546875, 623.7348022460938]","[1151.209228515625, 771.091796875]","[884.1484375, 774.8082275390625]","[1151.81201171875, 918.4645385742188]","[865.8720703125, 915.4777221679688]","[1088.8004150390625, 931.996337890625]","[961.113525390625, 935.7881469726562]"
"[1125.1729736328125, 618.0321044921875]","[924.839599609375, 623.682861328125]","[1150.235107421875, 768.1503295898438]","[882.1368408203125, 773.59130859375]","[1152.78955078125, 916.3207397460938]","[862.4901123046875, 916.3610229492188]","[1090.486083984375, 930.9483032226562]","[961.1390991210938, 935.4510498046875]"
"[1125.37109375, 618.2884521484375]","[925.73388671875, 623.7064819335938]","[1150.575927734375, 769.27587890625]","[882.236083984375, 773.6341552734375]","[1152.4990234375, 916.782470703125]","[860.5127563476562, 915.4359741210938]","[1090.9190673828125, 931.11962890625]","[962.0841064453125, 935.425537109375]"
"[1127.5374755859375, 620.244140625]","[922.9110107421875, 624.745849609375]","[1150.9267578125, 770.241943359375]","[880.7977294921875, 775.2481689453125]","[1151.630126953125, 915.8397216796875]","[859.0328979492188, 913.8892822265625]","[1092.9150390625, 932.2098388671875]","[959.9853515625, 936.0604248046875]"
"[1127.6695556640625, 620.08349609375]","[923.3505249023438, 624.332763671875]","[1151.256103515625, 770.02880859375]","[880.1361694335938, 774.9153442382812]","[1151.5008544921875, 916.175537109375]","[856.54736328125, 912.824951171875]","[1092.5244140625, 931.37841796875]","[959.7930908203125, 934.9710693359375]"
"[1125.950927734375, 618.412353515625]","[926.6823120117188, 623.8262329101562]","[1151.4697265625, 769.1544799804688]","[879.3760986328125, 772.8157958984375]","[1152.96337890625, 917.0784301757812]","[853.390380859375, 913.2863159179688]","[1090.260009765625, 930.438720703125]","[961.8140258789062, 934.4490966796875]"
"[1126.5982666015625, 618.9873657226562]","[926.7078857421875, 623.8676147460938]","[1152.3551025390625, 769.788818359375]","[877.6029052734375, 772.6448364257812]","[1153.0850830078125, 917.0218505859375]","[848.02587890625, 910.4075317382812]","[1090.249267578125, 930.5811767578125]","[961.5440673828125, 934.1508178710938]"
"[1126.57861328125, 618.8975830078125]","[926.62109375, 623.782470703125]","[1152.34521484375, 769.630615234375]","[877.4666748046875, 772.5840454101562]","[1153.03515625, 917.04296875]","[848.0635986328125, 910.78173828125]","[1090.1708984375, 930.7198486328125]","[961.4046020507812, 934.3173828125]"
"[1127.6474609375, 619.08251953125]","[927.2235717773438, 623.6290893554688]","[1153.463134765625, 769.7550048828125]","[872.3653564453125, 769.1474609375]","[1153.887451171875, 917.255126953125]","[837.9146118164062, 905.3529052734375]","[1091.0498046875, 930.7982177734375]","[962.2327880859375, 934.2178344726562]"
"[1130.28564453125, 620.1800537109375]","[923.6925048828125, 623.2203979492188]","[1154.2218017578125, 771.1690063476562]","[866.3758544921875, 768.85107421875]","[1152.9306640625, 917.0955810546875]","[827.0641479492188, 904.895751953125]","[1093.4019775390625, 931.3635864257812]","[960.0653686523438, 934.3921508789062]"
"[1128.9544677734375, 620.2716674804688]","[923.6505126953125, 622.054931640625]","[1152.78369140625, 770.2552490234375]","[863.386962890625, 764.21875]","[1153.435546875, 916.8800048828125]","[815.79833984375, 901.3985595703125]","[1092.9827880859375, 932.1297607421875]","[960.49560546875, 934.1636962890625]"
"[1128.95654296875, 620.2249755859375]","[923.5775146484375, 622.1406860351562]","[1152.648193359375, 770.0381469726562]","[863.2780151367188, 764.2388305664062]","[1153.345947265625, 916.7708129882812]","[815.6365966796875, 901.548828125]","[1093.1639404296875, 932.5427856445312]","[960.6556396484375, 934.6729736328125]"
"[1131.01806640625, 619.6724243164062]","[925.1845703125, 622.15234375]","[1155.0364990234375, 770.3599853515625]","[861.7166748046875, 765.1368408203125]","[1154.7672119140625, 915.83837890625]","[805.5472412109375, 892.7532348632812]","[1092.3719482421875, 930.8681640625]","[959.6566772460938, 933.0059814453125]"
"[1129.94189453125, 619.8594970703125]","[924.7860107421875, 620.1492309570312]","[1153.65966796875, 768.345947265625]","[847.5472412109375, 753.8140869140625]","[1155.668212890625, 915.7055053710938]","[780.9559326171875, 882.5249633789062]","[1092.232421875, 931.2445678710938]","[960.7491455078125, 932.4454345703125]"
"[1130.858642578125, 620.1285400390625]","[924.9854736328125, 619.4364013671875]","[1154.6041259765625, 768.223876953125]","[842.3199462890625, 748.737548828125]","[1156.67919921875, 915.3381958007812]","[765.4437255859375, 875.7178955078125]","[1092.7935791015625, 929.842529296875]","[961.3734130859375, 930.5975341796875]"
"[1131.4967041015625, 619.7001953125]","[925.4488525390625, 618.3232421875]","[1155.885498046875, 767.7548828125]","[836.638916015625, 742.943115234375]","[1157.1453857421875, 914.605224609375]","[754.411865234375, 864.026611328125]","[1093.09326171875, 930.8296508789062]","[961.9923095703125, 931.29638671875]"
"[1131.7259521484375, 619.9208374023438]","[925.3526000976562, 617.26416015625]","[1155.9755859375, 767.0245361328125]","[831.5242309570312, 737.2884521484375]","[1158.3887939453125, 914.42138671875]","[743.0444946289062, 853.8380126953125]","[1092.7587890625, 930.782958984375]","[961.6348876953125, 930.7084350585938]"
"[1133.131591796875, 620.8023071289062]","[929.3450927734375, 616.8130493164062]","[1157.41943359375, 767.8888549804688]","[828.5044555664062, 732.909423828125]","[1160.27783203125, 913.5540161132812]","[738.8084106445312, 843.7142333984375]","[1093.2041015625, 928.777587890625]","[964.1918334960938, 928.469970703125]"
"[1133.8416748046875, 621.064697265625]","[929.191650390625, 615.5252685546875]","[1157.8206787109375, 767.275634765625]","[824.142578125, 725.88671875]","[1160.847412109375, 912.9078369140625]","[728.4208984375, 829.5097045898438]","[1093.95751953125, 929.249267578125]","[964.3978271484375, 928.371826171875]"
"[1127.8714599609375, 620.0718383789062]","[928.9068603515625, 612.024658203125]","[1155.74267578125, 769.5302734375]","[823.3963623046875, 716.2413940429688]","[1159.06884765625, 918.537109375]","[719.6563110351562, 819.66259765625]","[1089.486083984375, 928.347900390625]","[962.5090942382812, 926.3428955078125]"
"[1128.29248046875, 620.390380859375]","[929.380615234375, 610.780029296875]","[1156.7052001953125, 770.113037109375]","[820.7911376953125, 710.4285888671875]","[1158.513427734375, 918.5941162109375]","[710.2589111328125, 805.6173706054688]","[1088.999755859375, 928.1922607421875]","[962.2247314453125, 925.494140625]"
"[1132.673828125, 621.1138916015625]","[928.4483642578125, 610.2696533203125]","[1155.831787109375, 767.658203125]","[819.9600219726562, 706.0558471679688]","[1157.6143798828125, 913.8873291015625]","[702.3919677734375, 792.9986572265625]","[1091.3206787109375, 928.8012084960938]","[962.13671875, 925.83935546875]"
"[1133.1832275390625, 621.4498901367188]","[928.70556640625, 609.48095703125]","[1156.4361572265625, 767.982666015625]","[816.40380859375, 700.5421752929688]","[1158.1331787109375, 914.0564575195312]","[699.0243530273438, 779.34375]","[1091.273193359375, 929.6350708007812]","[962.0419921875, 926.3099365234375]"
"[1133.1304931640625, 621.4461669921875]","[928.6859130859375, 609.4910888671875]","[1156.3350830078125, 767.6761474609375]","[816.5184326171875, 700.4080200195312]","[1157.9249267578125, 914.0159912109375]","[699.0216064453125, 779.47705078125]","[1091.3818359375, 930.24951171875]","[962.0952758789062, 926.9102783203125]"
"[1133.9224853515625, 620.2454223632812]","[929.7056884765625, 606.8048706054688]","[1156.6497802734375, 766.3657836914062]","[808.1845703125, 690.084716796875]","[1158.4022216796875, 914.4600219726562]","[687.3099975585938, 757.9351806640625]","[1091.837646484375, 930.0957641601562]","[963.305908203125, 926.365234375]"
"[1132.3260498046875, 617.2510375976562]","[927.927978515625, 604.54296875]","[1161.6513671875, 771.3502807617188]","[798.9632568359375, 679.3501586914062]","[1159.109375, 919.51904296875]","[675.7200927734375, 751.8759155273438]","[1090.7835693359375, 932.572265625]","[960.5478515625, 929.041015625]"
"[1133.46484375, 624.1326904296875]","[927.3469848632812, 600.615234375]","[1161.3089599609375, 768.5165405273438]","[803.009521484375, 669.711669921875]","[1162.2999267578125, 916.7928466796875]","[669.6817016601562, 731.067138671875]","[1089.4566650390625, 924.1805419921875]","[959.951416015625, 919.193359375]"
"[1132.7156982421875, 624.085693359375]","[929.236083984375, 598.48828125]","[1160.5557861328125, 767.8709106445312]","[804.7677001953125, 662.8575439453125]","[1161.7225341796875, 917.5545654296875]","[667.1038208007812, 720.446044921875]","[1088.333251953125, 923.6844482421875]","[960.662841796875, 917.9617309570312]"
"[1132.282470703125, 624.4064331054688]","[929.79833984375, 598.280517578125]","[1160.2364501953125, 768.0360717773438]","[799.8436889648438, 657.78662109375]","[1161.1339111328125, 917.73681640625]","[660.71044921875, 709.1485595703125]","[1088.4716796875, 923.333251953125]","[961.8446044921875, 917.630126953125]"
"[1131.850341796875, 621.08837890625]","[934.348876953125, 592.4229736328125]","[1159.0106201171875, 769.5338745117188]","[797.128662109375, 644.3365478515625]","[1160.29931640625, 914.3489990234375]","[660.1712646484375, 692.5743408203125]","[1083.8143310546875, 923.7178955078125]","[961.90673828125, 913.6673583984375]"
"[1131.83154296875, 620.1870727539062]","[935.8125, 590.754150390625]","[1158.7889404296875, 768.4476318359375]","[797.6630859375, 637.9468994140625]","[1160.06640625, 913.7927856445312]","[655.57568359375, 678.2240600585938]","[1083.9212646484375, 923.0809936523438]","[962.9752807617188, 912.6591796875]"
"[1132.372802734375, 619.67724609375]","[934.83544921875, 588.6060791015625]","[1159.245361328125, 768.5263671875]","[793.6979370117188, 630.6875]","[1160.87353515625, 913.658935546875]","[652.61328125, 663.3497314453125]","[1084.2357177734375, 923.2523193359375]","[962.4530639648438, 912.4906005859375]"
"[1132.141845703125, 620.03125]","[934.9850463867188, 587.0187377929688]","[1159.646728515625, 769.6741943359375]","[793.7626953125, 621.6652221679688]","[1161.5189208984375, 913.8419189453125]","[648.9752807617188, 646.1533203125]","[1084.326171875, 922.505126953125]","[962.63671875, 911.12939453125]"
"[1131.9453125, 620.6185302734375]","[934.33837890625, 585.98974609375]","[1159.5537109375, 769.2342529296875]","[792.9135131835938, 613.1558837890625]","[1161.808837890625, 913.2059326171875]","[648.5645141601562, 629.2403564453125]","[1084.341552734375, 923.392822265625]","[962.3387451171875, 911.5631103515625]"
"[1131.51611328125, 620.2941284179688]","[934.4397583007812, 584.1950073242188]","[1159.569580078125, 768.9193725585938]","[792.998779296875, 606.5056762695312]","[1162.516357421875, 912.6199951171875]","[649.990234375, 615.798095703125]","[1083.525146484375, 921.3531494140625]","[961.823486328125, 908.9974365234375]"
"[1132.04248046875, 620.2340087890625]","[934.2587890625, 583.3679809570312]","[1160.4501953125, 768.3577880859375]","[792.4158935546875, 598.9053344726562]","[1163.0390625, 912.8684692382812]","[645.4441528320312, 602.7755126953125]","[1084.101318359375, 921.322509765625]","[961.640380859375, 908.7855834960938]"
"[1132.09423828125, 620.249267578125]","[934.2826538085938, 583.48681640625]","[1160.568603515625, 768.28662109375]","[792.4619750976562, 599.008544921875]","[1163.0496826171875, 912.8175659179688]","[645.3707275390625, 602.7421264648438]","[1084.4227294921875, 921.5220336914062]","[962.000732421875, 908.99169921875]"
"[1131.6484375, 619.2467041015625]","[935.80517578125, 578.4126586914062]","[1159.9403076171875, 766.7001953125]","[791.25, 578.1204223632812]","[1163.6650390625, 912.9647827148438]","[641.8555297851562, 570.927978515625]","[1082.921875, 919.368896484375]","[961.9058837890625, 906.1278076171875]"
"[1130.7847900390625, 621.3765869140625]","[933.5231323242188, 580.293701171875]","[1161.943115234375, 764.5742797851562]","[790.7637939453125, 578.6907348632812]","[1165.329833984375, 916.4161376953125]","[644.45849609375, 551.973388671875]","[1082.52197265625, 917.7315673828125]","[959.6859130859375, 905.1655883789062]"
"[1130.0770263671875, 621.6148681640625]","[932.752685546875, 579.5864868164062]","[1161.4462890625, 765.2174072265625]","[791.0842895507812, 571.8092041015625]","[1165.1788330078125, 916.3721923828125]","[647.9820556640625, 532.4746704101562]","[1082.4267578125, 918.004150390625]","[959.385498046875, 905.3408203125]"
"[1129.3487548828125, 621.8286743164062]","[932.584716796875, 579.1414794921875]","[1161.46337890625, 765.0093994140625]","[790.523193359375, 564.1495361328125]","[1164.9183349609375, 915.7689208984375]","[654.676513671875, 518.4144287109375]","[1081.2840576171875, 916.838134765625]","[958.7832641601562, 904.0986328125]"
"[1128.8905029296875, 621.6475830078125]","[931.6199951171875, 576.70849609375]","[1161.67138671875, 764.478759765625]","[788.4781494140625, 552.2269287109375]","[1165.4622802734375, 916.31787109375]","[654.013427734375, 505.7430419921875]","[1079.7574462890625, 914.8793334960938]","[956.8153076171875, 901.5390014648438]"
"[1128.570556640625, 622.3775634765625]","[932.3695678710938, 575.5039672851562]","[1161.060302734375, 764.6329345703125]","[791.580322265625, 542.776611328125]","[1165.48291015625, 916.9903564453125]","[659.4301147460938, 488.94354248046875]","[1079.46923828125, 914.9534912109375]","[956.851806640625, 901.058349609375]"
"[1128.905029296875, 620.190673828125]","[935.1718139648438, 573.0324096679688]","[1160.97607421875, 758.38232421875]","[791.7844848632812, 539.705810546875]","[1163.454833984375, 913.8305053710938]","[660.834716796875, 475.5158386230469]","[1077.970947265625, 910.0482788085938]","[956.799560546875, 893.8800659179688]"
"[1128.2476806640625, 622.096923828125]","[932.8917846679688, 572.5269775390625]","[1160.216064453125, 763.9535522460938]","[794.427734375, 527.080322265625]","[1164.7841796875, 917.425048828125]","[668.8291625976562, 460.2109375]","[1079.6221923828125, 915.5152587890625]","[956.890869140625, 900.9007568359375]"
"[1127.669189453125, 621.9039306640625]","[932.631103515625, 571.4282836914062]","[1159.988525390625, 763.6180419921875]","[795.098876953125, 520.0143432617188]","[1163.975341796875, 917.5035400390625]","[673.0079345703125, 446.4541015625]","[1079.923828125, 917.442138671875]","[956.7731323242188, 902.799560546875]"
"[1127.089599609375, 621.7371215820312]","[933.8797607421875, 570.0345458984375]","[1159.205810546875, 763.8989868164062]","[799.267578125, 513.2548217773438]","[1163.109619140625, 918.0916748046875]","[680.1804809570312, 435.2516784667969]","[1079.7398681640625, 917.3953857421875]","[957.6692504882812, 902.5535888671875]"
"[1125.738037109375, 617.3496704101562]","[939.579833984375, 573.353515625]","[1160.394775390625, 754.42236328125]","[804.045654296875, 514.467529296875]","[1157.391845703125, 914.8179931640625]","[683.13623046875, 427.06988525390625]","[1079.96533203125, 921.8394775390625]","[960.83837890625, 903.3167724609375]"
"[1124.901611328125, 618.215087890625]","[940.4659423828125, 574.2421264648438]","[1158.6883544921875, 754.978515625]","[807.95556640625, 510.0094299316406]","[1155.75732421875, 913.8553466796875]","[690.5286865234375, 417.21319580078125]","[1079.2508544921875, 922.88818359375]","[961.0247802734375, 904.486328125]"
"[1124.8555908203125, 618.3348388671875]","[940.4195556640625, 574.2882080078125]","[1158.546875, 755.10107421875]","[807.82470703125, 510.0914306640625]","[1155.89404296875, 913.91455078125]","[690.489013671875, 417.1227722167969]","[1079.06884765625, 922.431396484375]","[960.9066162109375, 904.00537109375]"
"[1123.7266845703125, 619.3036499023438]","[940.1815185546875, 574.1573486328125]","[1156.802978515625, 755.6552734375]","[814.36962890625, 504.361328125]","[1153.658203125, 914.2855224609375]","[704.3192138671875, 400.266357421875]","[1077.7928466796875, 922.7484130859375]","[959.640380859375, 904.3031616210938]"
"[1123.6689453125, 619.874267578125]","[940.1668701171875, 573.912841796875]","[1156.94873046875, 755.7599487304688]","[818.6287841796875, 501.83050537109375]","[1153.485107421875, 914.1156005859375]","[709.4788818359375, 393.566162109375]","[1077.290771484375, 921.8417358398438]","[959.069091796875, 902.80078125]"
"[1123.7032470703125, 619.9407348632812]","[939.913818359375, 573.899658203125]","[1156.884033203125, 756.018310546875]","[818.335693359375, 501.4736328125]","[1153.1854248046875, 914.3728637695312]","[709.31298828125, 393.26861572265625]","[1077.513671875, 921.98974609375]","[959.0560302734375, 903.0382690429688]"
"[1121.8330078125, 625.3716430664062]","[935.832275390625, 568.2835693359375]","[1151.4449462890625, 765.2191162109375]","[820.913818359375, 486.2601013183594]","[1154.64453125, 918.7088623046875]","[726.4840087890625, 377.71417236328125]","[1074.507568359375, 917.0462036132812]","[956.0003662109375, 900.115478515625]"
"[1120.88525390625, 625.6219482421875]","[935.599853515625, 567.52197265625]","[1151.2686767578125, 765.4711303710938]","[824.6298828125, 482.7476806640625]","[1154.0841064453125, 917.5738525390625]","[734.0802001953125, 371.4743957519531]","[1073.86474609375, 918.023193359375]","[955.446044921875, 900.9674072265625]"
"[1121.69091796875, 626.3907470703125]","[935.5559692382812, 568.42041015625]","[1152.263427734375, 764.3025512695312]","[829.8096313476562, 482.32537841796875]","[1155.119384765625, 916.6356201171875]","[738.07958984375, 368.677490234375]","[1076.7109375, 918.7432250976562]","[956.73046875, 904.0929565429688]"
"[1121.5137939453125, 623.022705078125]","[937.6319580078125, 567.2294311523438]","[1154.3330078125, 757.5540161132812]","[830.6541748046875, 480.2568054199219]","[1155.0933837890625, 913.7283325195312]","[740.8135986328125, 353.66455078125]","[1076.6650390625, 916.4357299804688]","[957.25537109375, 899.9009399414062]"
"[1121.0987548828125, 623.229248046875]","[938.1422119140625, 566.343017578125]","[1153.6220703125, 758.3556518554688]","[835.552001953125, 474.7843017578125]","[1155.0223388671875, 914.2366943359375]","[749.062255859375, 346.85919189453125]","[1076.2783203125, 918.0441284179688]","[956.7284545898438, 901.0469970703125]"
"[1120.1173095703125, 623.1082763671875]","[938.4047241210938, 565.7147216796875]","[1153.2373046875, 758.2274169921875]","[839.3018798828125, 469.97515869140625]","[1155.0977783203125, 914.1788330078125]","[757.3026123046875, 339.2528076171875]","[1076.152587890625, 917.894287109375]","[956.7266845703125, 900.9505615234375]"
"[1120.404541015625, 623.129638671875]","[938.675048828125, 565.8806762695312]","[1153.4599609375, 758.7720336914062]","[839.5625610351562, 469.79486083984375]","[1155.18115234375, 914.875732421875]","[757.3682250976562, 338.31304931640625]","[1076.8172607421875, 918.456787109375]","[957.2099609375, 901.6644287109375]"
"[1118.404296875, 625.7924194335938]","[937.0435791015625, 564.3568725585938]","[1150.949462890625, 764.29833984375]","[851.985107421875, 461.2266540527344]","[1156.2578125, 916.3840942382812]","[785.5865478515625, 329.93743896484375]","[1074.771728515625, 920.68603515625]","[955.8232421875, 905.082763671875]"
"[1117.964111328125, 626.464599609375]","[937.7574462890625, 564.6004638671875]","[1150.509521484375, 764.9837646484375]","[854.9735107421875, 456.6851806640625]","[1156.2255859375, 916.6490478515625]","[793.5076904296875, 322.357421875]","[1075.29931640625, 922.6693725585938]","[956.6654663085938, 907.2689208984375]"
"[1117.388916015625, 626.7161254882812]","[937.8092651367188, 564.2383422851562]","[1150.126953125, 765.235595703125]","[858.5430908203125, 452.82647705078125]","[1155.5244140625, 916.6468505859375]","[800.260498046875, 314.1531982421875]","[1075.27392578125, 923.4337158203125]","[956.73095703125, 907.8107299804688]"
"[1117.2835693359375, 627.1851196289062]","[938.6738891601562, 564.628662109375]","[1149.6937255859375, 765.96044921875]","[863.621337890625, 450.724853515625]","[1154.900146484375, 918.402099609375]","[808.331787109375, 310.0704345703125]","[1074.769287109375, 924.0829467773438]","[956.5418701171875, 908.3380126953125]"
"[1117.314453125, 628.1077880859375]","[938.8929443359375, 564.4674072265625]","[1149.2940673828125, 767.5742797851562]","[866.6273193359375, 448.2201232910156]","[1153.5948486328125, 917.8431396484375]","[816.237060546875, 309.5567321777344]","[1074.933837890625, 923.9950561523438]","[956.64453125, 908.045654296875]"
"[1116.3446044921875, 628.4217529296875]","[938.339599609375, 562.691650390625]","[1148.883056640625, 767.5731201171875]","[867.0888061523438, 440.39276123046875]","[1152.0390625, 918.1136474609375]","[821.480224609375, 301.9010009765625]","[1074.6744384765625, 924.9248046875]","[956.4796142578125, 908.5208740234375]"
"[1116.0963134765625, 629.5748901367188]","[938.2699584960938, 561.319580078125]","[1149.342041015625, 770.1088256835938]","[871.8592529296875, 434.3887023925781]","[1150.989501953125, 919.2734985351562]","[829.6605834960938, 297.3699645996094]","[1074.604248046875, 923.161865234375]","[956.2607421875, 905.829345703125]"
"[1116.244873046875, 629.7396240234375]","[938.8375854492188, 561.3359375]","[1148.56396484375, 770.6171264648438]","[875.2410278320312, 432.1839294433594]","[1150.2117919921875, 919.6824951171875]","[839.9085693359375, 295.590576171875]","[1075.027587890625, 922.9348754882812]","[956.7658081054688, 905.6788330078125]"
"[1116.68994140625, 629.295166015625]","[937.8458251953125, 560.6392211914062]","[1148.232177734375, 770.3876953125]","[877.2293701171875, 428.6884460449219]","[1148.442626953125, 920.9360961914062]","[848.7445678710938, 289.55731201171875]","[1076.00390625, 922.5814819335938]","[956.3719482421875, 905.5146484375]"
"[1117.3203125, 628.715087890625]","[938.0432739257812, 558.877685546875]","[1147.148681640625, 770.4158935546875]","[878.8672485351562, 425.76092529296875]","[1147.364501953125, 919.77294921875]","[856.1287841796875, 291.95501708984375]","[1075.428955078125, 923.912109375]","[955.0926513671875, 906.581298828125]"
"[1118.7054443359375, 625.9302978515625]","[941.1021728515625, 558.968017578125]","[1148.941162109375, 766.4544067382812]","[879.72509765625, 429.4578857421875]","[1146.4991455078125, 919.6679077148438]","[859.474365234375, 288.156005859375]","[1072.8779296875, 920.5023193359375]","[952.6232299804688, 901.6331787109375]"
"[1117.6796875, 623.0499877929688]","[942.9801025390625, 558.9881591796875]","[1149.259765625, 788.1392211914062]","[880.7337646484375, 428.2779235839844]","[1139.785888671875, 938.3160400390625]","[871.4771728515625, 283.39923095703125]","[1072.172607421875, 932.2981567382812]","[952.159912109375, 917.878173828125]"
"[1117.3194580078125, 622.508544921875]","[942.8634033203125, 558.5234985351562]","[1148.28271484375, 785.6053466796875]","[883.36474609375, 427.1768798828125]","[1138.42578125, 936.66064453125]","[875.4639892578125, 281.44708251953125]","[1071.99951171875, 932.2916259765625]","[951.902587890625, 917.9505615234375]"
"[1117.2371826171875, 623.6500244140625]","[943.23681640625, 560.9627685546875]","[1146.501953125, 784.248779296875]","[880.1573486328125, 439.1902770996094]","[1132.109130859375, 922.234130859375]","[883.96240234375, 289.78387451171875]","[1070.11669921875, 931.3656005859375]","[951.260009765625, 915.0234375]"
"[1116.832275390625, 624.3374633789062]","[943.9930419921875, 561.0167236328125]","[1145.9893798828125, 784.692138671875]","[882.2034301757812, 437.7740478515625]","[1130.19677734375, 923.151611328125]","[888.193359375, 289.7690734863281]","[1069.57568359375, 932.5980834960938]","[951.4777221679688, 916.0226440429688]"
"[1116.8131103515625, 624.3006591796875]","[943.7590942382812, 560.6296997070312]","[1146.029541015625, 785.1743774414062]","[882.1563720703125, 437.7679138183594]","[1130.279541015625, 923.3629150390625]","[888.044189453125, 289.556884765625]","[1069.58447265625, 932.333740234375]","[951.3894653320312, 915.5750732421875]"
"[1116.388671875, 624.9544067382812]","[944.9556884765625, 560.3922119140625]","[1144.984375, 785.1939697265625]","[887.7504272460938, 433.8575439453125]","[1127.801025390625, 922.7919921875]","[895.8685302734375, 284.4027099609375]","[1068.9658203125, 932.7815551757812]","[951.7454223632812, 915.721435546875]"
"[1116.0501708984375, 624.5053100585938]","[944.4263916015625, 559.1629638671875]","[1145.402099609375, 784.94970703125]","[889.6209716796875, 433.5439453125]","[1126.87109375, 922.0921630859375]","[898.4441528320312, 283.49468994140625]","[1068.599853515625, 931.3086547851562]","[951.142578125, 913.7547607421875]"
"[1115.57421875, 625.093505859375]","[944.36181640625, 559.0319213867188]","[1144.97119140625, 785.234130859375]","[890.9071044921875, 433.5318603515625]","[1127.095703125, 922.6568603515625]","[901.47998046875, 284.1044616699219]","[1068.5626220703125, 932.7474365234375]","[951.2935180664062, 914.851318359375]"
"[1115.082275390625, 624.7864990234375]","[944.1444091796875, 558.719970703125]","[1144.46923828125, 784.5466918945312]","[891.7326049804688, 435.0176696777344]","[1127.8646240234375, 922.1310424804688]","[903.668212890625, 286.53131103515625]","[1068.736083984375, 931.24365234375]","[951.561767578125, 913.3485717773438]"
"[1114.831298828125, 624.9613647460938]","[943.77294921875, 558.7445678710938]","[1144.820556640625, 785.1117553710938]","[892.8638916015625, 434.5108337402344]","[1128.2342529296875, 922.41748046875]","[907.9553833007812, 286.0933837890625]","[1068.7183837890625, 931.9374389648438]","[951.3006591796875, 914.1080322265625]"
"[1114.83642578125, 624.9227294921875]","[943.795166015625, 558.657470703125]","[1144.890869140625, 785.1529541015625]","[892.87109375, 434.4533386230469]","[1128.078857421875, 922.56298828125]","[907.95556640625, 286.39361572265625]","[1068.6336669921875, 931.8850708007812]","[951.2444458007812, 914.0643310546875]"
"[1114.73583984375, 624.989013671875]","[943.580078125, 559.0999755859375]","[1145.06494140625, 784.9478759765625]","[894.0089721679688, 435.4775390625]","[1129.968994140625, 922.642578125]","[908.9122924804688, 287.22412109375]","[1068.8934326171875, 931.7354736328125]","[951.2442626953125, 913.9553833007812]"
"[1114.67333984375, 624.4805908203125]","[942.50244140625, 558.9356689453125]","[1144.787353515625, 784.5416259765625]","[892.9288330078125, 434.717529296875]","[1130.600341796875, 922.8505859375]","[909.1009521484375, 285.68707275390625]","[1070.185791015625, 932.6478881835938]","[951.8556518554688, 915.2994384765625]"
"[1114.552734375, 625.0302734375]","[942.5032958984375, 558.66259765625]","[1144.891357421875, 785.5643310546875]","[892.1749877929688, 434.77862548828125]","[1130.9613037109375, 923.189453125]","[907.9866943359375, 286.7986145019531]","[1068.98388671875, 932.2447509765625]","[950.91064453125, 914.4175415039062]"
"[1114.33544921875, 624.5177001953125]","[942.7066040039062, 559.020751953125]","[1145.080078125, 784.5921020507812]","[890.7322998046875, 434.1219177246094]","[1131.7578125, 923.3944702148438]","[905.7101440429688, 286.6994323730469]","[1069.181884765625, 933.0245361328125]","[951.4074096679688, 915.7608642578125]"
"[1114.6915283203125, 624.689697265625]","[942.4691162109375, 559.2158203125]","[1145.325927734375, 784.39892578125]","[887.7046508789062, 432.9224853515625]","[1131.47509765625, 923.251220703125]","[901.8194580078125, 285.2203674316406]","[1069.8831787109375, 932.6517333984375]","[951.8048095703125, 915.4617919921875]"
"[1115.330078125, 623.4343872070312]","[941.2320556640625, 556.2774047851562]","[1145.81201171875, 784.9337768554688]","[891.3968505859375, 422.07861328125]","[1138.48583984375, 936.4751586914062]","[893.853759765625, 283.9028625488281]","[1071.013671875, 932.420166015625]","[950.8401489257812, 917.2952270507812]"
"[1115.18310546875, 623.384033203125]","[941.3544921875, 557.1302490234375]","[1146.031982421875, 784.9827880859375]","[887.322021484375, 425.39276123046875]","[1137.99365234375, 936.5137939453125]","[885.32666015625, 282.2682800292969]","[1070.3212890625, 932.6998901367188]","[950.651123046875, 917.598876953125]"
"[1115.2049560546875, 623.0661010742188]","[940.6834716796875, 557.6649169921875]","[1146.1943359375, 784.47802734375]","[882.1204833984375, 428.27288818359375]","[1137.7392578125, 935.3685302734375]","[878.5750122070312, 285.1302795410156]","[1070.00048828125, 930.7450561523438]","[950.29296875, 915.849609375]"
"[1115.0787353515625, 622.7382202148438]","[940.1102294921875, 558.0397338867188]","[1145.8720703125, 783.67431640625]","[878.280029296875, 429.3022155761719]","[1137.493896484375, 933.7470703125]","[872.8660888671875, 283.78192138671875]","[1070.318115234375, 931.3225708007812]","[950.6322021484375, 916.6380615234375]"
"[1116.4697265625, 621.5924072265625]","[939.617919921875, 555.9373168945312]","[1149.132568359375, 787.1753540039062]","[877.0914916992188, 421.52301025390625]","[1143.61865234375, 933.4465942382812]","[862.3793334960938, 275.5010986328125]","[1070.5126953125, 928.7821044921875]","[949.9846801757812, 913.264892578125]"
"[1116.7117919921875, 621.0381469726562]","[939.2568969726562, 555.1740112304688]","[1148.82373046875, 787.2830810546875]","[872.4107666015625, 420.75677490234375]","[1144.6588134765625, 934.241455078125]","[852.5762329101562, 276.32916259765625]","[1070.8343505859375, 926.4658813476562]","[950.20068359375, 910.7850341796875]"
"[1112.733154296875, 628.2484130859375]","[933.7948608398438, 558.7289428710938]","[1141.28466796875, 767.981689453125]","[869.9965209960938, 428.7547302246094]","[1141.568603515625, 917.060302734375]","[839.6185913085938, 290.62799072265625]","[1072.3232421875, 919.348388671875]","[952.82373046875, 902.0897216796875]"
"[1112.3082275390625, 627.9305419921875]","[934.5174560546875, 559.2833862304688]","[1141.58837890625, 768.5934448242188]","[866.635498046875, 433.90557861328125]","[1141.2239990234375, 917.2213134765625]","[829.7221069335938, 294.6744689941406]","[1071.7298583984375, 918.54736328125]","[953.279052734375, 901.247314453125]"
"[1112.85791015625, 626.70263671875]","[934.33251953125, 559.7696533203125]","[1142.388671875, 767.2930908203125]","[862.8175048828125, 439.41058349609375]","[1141.1572265625, 917.0370483398438]","[821.1177978515625, 299.9777526855469]","[1071.166015625, 918.5845947265625]","[952.6671142578125, 901.4481201171875]"
"[1112.9425048828125, 626.2132568359375]","[933.5396118164062, 561.0703735351562]","[1142.873291015625, 767.0128784179688]","[860.5958251953125, 444.8525390625]","[1141.97216796875, 916.6568603515625]","[813.861572265625, 304.9051513671875]","[1071.426513671875, 918.9822998046875]","[952.72900390625, 902.3759765625]"
"[1112.8931884765625, 625.5535888671875]","[932.7332763671875, 560.7791137695312]","[1143.7060546875, 767.0826416015625]","[856.861083984375, 447.981689453125]","[1142.7606201171875, 916.148193359375]","[807.1458740234375, 310.324951171875]","[1070.3868408203125, 917.6629028320312]","[951.5892333984375, 901.0296630859375]"
"[1113.4898681640625, 625.1976318359375]","[933.2513427734375, 561.595947265625]","[1144.20556640625, 767.384765625]","[852.495361328125, 453.1694641113281]","[1143.748291015625, 915.9794311523438]","[798.255615234375, 318.1849365234375]","[1070.5972900390625, 918.165771484375]","[952.1376342773438, 901.9229736328125]"
"[1113.9036865234375, 624.4801635742188]","[932.914794921875, 561.75537109375]","[1145.0924072265625, 766.689453125]","[850.889404296875, 459.4856872558594]","[1145.2447509765625, 915.8153686523438]","[792.8992919921875, 328.5322265625]","[1070.466552734375, 918.1962890625]","[951.7999267578125, 902.0234985351562]"
"[1114.459228515625, 624.1316528320312]","[932.729736328125, 562.2935791015625]","[1146.3724365234375, 766.1427612304688]","[849.0015869140625, 463.43682861328125]","[1146.0076904296875, 915.5968017578125]","[786.0375366210938, 333.30450439453125]","[1070.6129150390625, 917.5614624023438]","[951.8450927734375, 901.4815063476562]"
"[1115.4677734375, 621.229248046875]","[933.9336547851562, 563.138671875]","[1149.6865234375, 759.8243408203125]","[841.6778564453125, 471.78228759765625]","[1147.761962890625, 912.6168823242188]","[768.816650390625, 338.3978271484375]","[1070.6978759765625, 914.2333984375]","[951.3912963867188, 896.643310546875]"
"[1115.3116455078125, 621.6782836914062]","[932.8291625976562, 562.8114013671875]","[1150.20654296875, 760.36669921875]","[834.9163818359375, 470.99945068359375]","[1148.14990234375, 913.3558349609375]","[755.6976318359375, 338.600830078125]","[1071.20458984375, 913.851318359375]","[951.743408203125, 896.0203857421875]"
"[1115.251708984375, 624.8287963867188]","[930.3065185546875, 564.2503662109375]","[1149.01806640625, 766.5690307617188]","[833.698486328125, 472.0697021484375]","[1148.1011962890625, 915.4326171875]","[752.2877197265625, 352.66192626953125]","[1071.9130859375, 916.1998291015625]","[952.5543212890625, 900.3240966796875]"
"[1115.6939697265625, 624.6964111328125]","[929.4708251953125, 564.7532958984375]","[1149.6937255859375, 766.4071044921875]","[827.8037109375, 475.5615234375]","[1149.265380859375, 915.5601196289062]","[743.3076171875, 359.54547119140625]","[1072.6895751953125, 915.36865234375]","[952.9290771484375, 899.7843017578125]"
"[1116.53662109375, 624.391357421875]","[929.6654663085938, 565.9832763671875]","[1150.2838134765625, 766.8192138671875]","[826.0350952148438, 483.36688232421875]","[1149.8392333984375, 915.3781127929688]","[734.0928955078125, 370.95654296875]","[1073.0042724609375, 915.5245971679688]","[953.0098876953125, 900.2227783203125]"
"[1115.555908203125, 622.9321899414062]","[929.0150756835938, 564.634765625]","[1149.736572265625, 766.9432983398438]","[816.60498046875, 483.6697082519531]","[1149.673583984375, 916.191650390625]","[728.439208984375, 374.8651123046875]","[1069.42919921875, 914.951416015625]","[951.0800170898438, 897.5830078125]"
"[1115.829833984375, 622.93212890625]","[928.726318359375, 566.3309326171875]","[1149.928466796875, 766.54736328125]","[814.3482055664062, 490.0679626464844]","[1150.2666015625, 916.1845092773438]","[720.3829345703125, 382.2166442871094]","[1069.675048828125, 913.7924194335938]","[951.156494140625, 896.8868408203125]"
"[1117.056396484375, 620.2498168945312]","[931.134765625, 566.2630615234375]","[1151.611328125, 759.5073852539062]","[807.9932861328125, 497.15643310546875]","[1149.556884765625, 911.8406982421875]","[707.557373046875, 388.96905517578125]","[1069.165771484375, 909.54931640625]","[951.6312255859375, 891.6491088867188]"
"[1117.494873046875, 616.7551879882812]","[931.4637451171875, 569.97998046875]","[1154.328857421875, 754.7894897460938]","[804.796142578125, 503.61895751953125]","[1147.6925048828125, 911.241455078125]","[698.1461181640625, 400.55059814453125]","[1073.3779296875, 918.81005859375]","[954.2410888671875, 899.6969604492188]"
"[1118.028564453125, 619.1351318359375]","[930.4669189453125, 566.871826171875]","[1152.7601318359375, 757.9114990234375]","[795.3878173828125, 505.0707092285156]","[1151.505859375, 912.537109375]","[687.6729125976562, 409.521240234375]","[1070.665283203125, 909.985107421875]","[952.5830078125, 892.8892822265625]"
"[1117.6632080078125, 615.5517578125]","[930.6339111328125, 571.1944580078125]","[1155.469970703125, 753.5357666015625]","[795.4714965820312, 511.9366149902344]","[1149.854736328125, 911.1968994140625]","[683.0362548828125, 422.96453857421875]","[1075.06884765625, 921.3919677734375]","[955.2387084960938, 903.06005859375]"
"[1118.2353515625, 618.233642578125]","[929.131103515625, 568.2561645507812]","[1154.095458984375, 757.353271484375]","[789.9735717773438, 516.3784790039062]","[1153.2802734375, 911.7506103515625]","[674.6127319335938, 428.6012878417969]","[1070.819580078125, 910.6844482421875]","[951.706298828125, 894.4373779296875]"
"[1118.1171875, 618.4141235351562]","[929.0440673828125, 568.2886352539062]","[1154.255126953125, 757.7940673828125]","[790.1537475585938, 516.5597534179688]","[1153.124755859375, 911.7328491210938]","[674.586181640625, 429.0334167480469]","[1070.92529296875, 910.732177734375]","[951.8131713867188, 894.4464111328125]"
"[1118.8321533203125, 619.93408203125]","[925.4119262695312, 571.6136474609375]","[1154.385498046875, 762.8704833984375]","[793.1732177734375, 528.05419921875]","[1157.1173095703125, 914.9456176757812]","[672.3566284179688, 451.5066833496094]","[1074.1668701171875, 916.2540283203125]","[952.3701171875, 902.3560180664062]"
"[1118.9866943359375, 619.8927612304688]","[925.090576171875, 572.9967041015625]","[1154.34912109375, 762.7589111328125]","[790.6226806640625, 534.5048828125]","[1157.4063720703125, 915.1116943359375]","[665.3381958007812, 462.63299560546875]","[1073.5877685546875, 915.663330078125]","[951.7747192382812, 902.0311279296875]"
"[1119.08447265625, 620.0542602539062]","[923.864013671875, 574.2343139648438]","[1154.41796875, 762.6510009765625]","[787.5086669921875, 541.4000244140625]","[1157.987060546875, 914.3937377929688]","[662.45849609375, 473.8922119140625]","[1074.152099609375, 916.8136596679688]","[951.8494262695312, 903.5406494140625]"
"[1119.149658203125, 620.0770263671875]","[923.4589233398438, 575.288818359375]","[1154.539794921875, 762.4403076171875]","[786.7508544921875, 547.1873168945312]","[1158.80078125, 914.604736328125]","[658.1974487304688, 487.3200988769531]","[1074.334228515625, 916.5560302734375]","[951.91064453125, 903.32568359375]"
"[1118.80029296875, 619.5924072265625]","[922.6805419921875, 576.8195190429688]","[1154.2811279296875, 762.863525390625]","[784.5819091796875, 556.567626953125]","[1159.0118408203125, 914.23974609375]","[651.0719604492188, 497.9206237792969]","[1074.2509765625, 917.377197265625]","[951.76220703125, 904.9122314453125]"
"[1118.5662841796875, 619.9822387695312]","[922.771484375, 577.9288330078125]","[1154.6903076171875, 764.0169067382812]","[785.11767578125, 564.1085205078125]","[1159.135986328125, 913.8814697265625]","[653.388671875, 512.2001953125]","[1073.938232421875, 916.4254760742188]","[951.9955444335938, 903.9995727539062]"
"[1118.359619140625, 620.4281005859375]","[923.9317626953125, 579.6898193359375]","[1154.601318359375, 764.307861328125]","[786.291015625, 570.236572265625]","[1159.626953125, 914.4548950195312]","[647.3324584960938, 520.703857421875]","[1073.74560546875, 918.9276123046875]","[952.65087890625, 906.81787109375]"
"[1118.3359375, 619.7667236328125]","[923.3805541992188, 579.776123046875]","[1154.361083984375, 764.0121459960938]","[783.107666015625, 575.7567138671875]","[1159.869384765625, 913.5655517578125]","[641.048095703125, 533.7998657226562]","[1074.3875732421875, 918.3046875]","[953.20751953125, 906.3173828125]"
"[1118.2711181640625, 619.8330078125]","[922.9942626953125, 580.7382202148438]","[1154.366943359375, 764.2992553710938]","[783.8790283203125, 582.08154296875]","[1160.396484375, 913.6441650390625]","[638.64892578125, 549.0961303710938]","[1074.213623046875, 917.9442138671875]","[953.0023193359375, 906.3121948242188]"
"[1118.14453125, 619.8858642578125]","[922.99853515625, 580.82763671875]","[1154.318603515625, 764.4345703125]","[783.47900390625, 582.2687377929688]","[1160.6011962890625, 913.962890625]","[637.919189453125, 549.1118774414062]","[1074.1116943359375, 917.733154296875]","[953.1293334960938, 906.0555419921875]"
"[1117.8060302734375, 620.0867919921875]","[922.234619140625, 583.1162109375]","[1154.053466796875, 765.3582763671875]","[784.59423828125, 595.532958984375]","[1160.3948974609375, 913.7037353515625]","[633.88037109375, 575.9412841796875]","[1073.6685791015625, 918.3885498046875]","[952.3035278320312, 907.1298828125]"
"[1118.104248046875, 617.9591064453125]","[922.9923706054688, 582.661376953125]","[1152.79931640625, 768.3677978515625]","[786.5833740234375, 597.337646484375]","[1158.938232421875, 910.01416015625]","[637.12646484375, 586.5263671875]","[1073.9339599609375, 920.8126831054688]","[953.5555419921875, 909.02783203125]"
"[1117.210205078125, 617.634033203125]","[921.7919921875, 584.1453857421875]","[1152.33984375, 767.8726806640625]","[783.9503173828125, 605.0406494140625]","[1159.2000732421875, 909.5667724609375]","[635.3320922851562, 600.915771484375]","[1073.066162109375, 921.546142578125]","[952.8531494140625, 910.3194580078125]"
"[1116.85498046875, 617.8228759765625]","[920.8275146484375, 585.5802612304688]","[1152.7410888671875, 768.1766357421875]","[783.3607177734375, 611.1082763671875]","[1158.694091796875, 909.2067260742188]","[636.8883666992188, 610.94189453125]","[1072.5478515625, 922.16162109375]","[952.19775390625, 911.294189453125]"
"[1117.074951171875, 618.149169921875]","[919.7151489257812, 587.1183471679688]","[1152.4884033203125, 767.67919921875]","[780.230712890625, 614.3242797851562]","[1159.6949462890625, 908.62060546875]","[633.7117309570312, 618.5036010742188]","[1072.733642578125, 922.75634765625]","[951.725341796875, 912.3511962890625]"
"[1116.444580078125, 618.0118408203125]","[919.5316772460938, 588.669677734375]","[1152.81689453125, 767.729736328125]","[780.465576171875, 622.4932861328125]","[1159.3028564453125, 908.509033203125]","[634.6861572265625, 628.958984375]","[1073.0631103515625, 922.9246215820312]","[952.34912109375, 913.0455322265625]"
"[1115.884033203125, 617.84521484375]","[920.593994140625, 589.6669311523438]","[1153.2191162109375, 765.6820068359375]","[784.3046264648438, 625.9044799804688]","[1159.097412109375, 907.6129760742188]","[637.009765625, 641.2259521484375]","[1073.22216796875, 921.825439453125]","[953.5277099609375, 912.24951171875]"
"[1115.8720703125, 617.352783203125]","[919.666259765625, 591.0929565429688]","[1153.16357421875, 766.01416015625]","[782.9364624023438, 633.1177368164062]","[1159.2811279296875, 907.9803466796875]","[637.1366577148438, 651.99560546875]","[1073.517578125, 922.0115966796875]","[953.6265869140625, 913.0369262695312]"
"[1115.7801513671875, 617.2652587890625]","[919.3984375, 592.5650634765625]","[1152.89013671875, 765.8223876953125]","[785.1845703125, 640.14794921875]","[1159.577880859375, 908.04833984375]","[638.0146484375, 663.6094970703125]","[1073.707275390625, 923.5369262695312]","[953.552001953125, 914.8157958984375]"
"[1115.2794189453125, 617.4797973632812]","[918.954833984375, 593.0366821289062]","[1153.4219970703125, 766.6473999023438]","[786.4290161132812, 643.7569580078125]","[1159.82177734375, 908.3665771484375]","[640.0571899414062, 672.1505126953125]","[1073.9453125, 922.80224609375]","[953.8295288085938, 913.932373046875]"
"[1114.25830078125, 617.630126953125]","[918.2088623046875, 594.3702392578125]","[1153.31787109375, 766.0767822265625]","[787.613525390625, 649.47314453125]","[1159.88427734375, 908.9403076171875]","[643.203369140625, 684.5783081054688]","[1073.1397705078125, 921.5458984375]","[953.3494873046875, 913.0797119140625]"
"[1114.2454833984375, 617.8599243164062]","[917.7418212890625, 595.6671142578125]","[1152.9554443359375, 766.3006591796875]","[788.7804565429688, 656.111328125]","[1159.9248046875, 908.7075805664062]","[645.629638671875, 700.0160522460938]","[1072.150390625, 920.5262451171875]","[952.0164184570312, 912.2850341796875]"
"[1115.83642578125, 620.6566162109375]","[916.1673583984375, 599.2252197265625]","[1154.3621826171875, 763.9737548828125]","[796.7114868164062, 665.5652465820312]","[1161.2666015625, 909.77294921875]","[651.6495361328125, 711.99658203125]","[1076.3798828125, 919.237548828125]","[952.5511474609375, 913.56103515625]"
"[1116.0828857421875, 621.0460815429688]","[914.3387451171875, 600.6978149414062]","[1154.695068359375, 765.3331298828125]","[798.3839111328125, 672.1907348632812]","[1161.1171875, 909.8125]","[658.249267578125, 720.8641967773438]","[1076.2926025390625, 918.9002685546875]","[950.861083984375, 913.91748046875]"
"[1116.414306640625, 620.8749389648438]","[913.949462890625, 602.04638671875]","[1155.369384765625, 765.666015625]","[798.9593505859375, 677.935302734375]","[1161.47802734375, 909.174072265625]","[662.5347900390625, 732.8250732421875]","[1076.5440673828125, 919.3485717773438]","[950.734130859375, 915.0]"
"[1116.8267822265625, 617.3804931640625]","[913.3468017578125, 600.9389038085938]","[1156.886474609375, 760.881591796875]","[793.090087890625, 685.8937377929688]","[1163.4639892578125, 906.7553100585938]","[667.6287231445312, 745.878662109375]","[1074.153076171875, 918.9790649414062]","[947.77880859375, 912.1993408203125]"
"[1115.7420654296875, 616.575439453125]","[917.6605224609375, 605.2725219726562]","[1149.2744140625, 767.47705078125]","[802.2364501953125, 693.1862182617188]","[1154.6572265625, 913.5646362304688]","[680.3635864257812, 759.8671875]","[1076.528564453125, 919.8491821289062]","[952.5108032226562, 915.9658813476562]"
"[1119.5712890625, 617.8064575195312]","[915.4462890625, 607.7649536132812]","[1150.2955322265625, 766.0992431640625]","[805.6067504882812, 697.92529296875]","[1155.306640625, 909.15673828125]","[688.48779296875, 767.026123046875]","[1078.3134765625, 921.451171875]","[950.4852905273438, 918.4641723632812]"
"[1119.1614990234375, 617.7420043945312]","[915.1455078125, 608.689208984375]","[1149.3192138671875, 766.6386108398438]","[809.117919921875, 703.9492797851562]","[1154.4271240234375, 908.79052734375]","[692.0673828125, 777.1265869140625]","[1078.0262451171875, 921.4279174804688]","[949.8898315429688, 918.7137451171875]"
"[1119.1163330078125, 618.4300537109375]","[914.4906005859375, 610.018310546875]","[1148.8817138671875, 769.002685546875]","[811.7360229492188, 711.2484741210938]","[1153.987548828125, 909.7373657226562]","[695.03955078125, 787.6182861328125]","[1077.820556640625, 924.5565185546875]","[949.119384765625, 921.88037109375]"
"[1118.744873046875, 618.838134765625]","[914.6102294921875, 610.741455078125]","[1148.7923583984375, 770.1286010742188]","[817.1661987304688, 715.2711791992188]","[1153.310302734375, 909.4488525390625]","[700.052490234375, 799.7308959960938]","[1077.075439453125, 924.079833984375]","[948.4264526367188, 921.465087890625]"
"[1114.8564453125, 617.9109497070312]","[915.22412109375, 609.9098510742188]","[1147.95849609375, 773.1080322265625]","[818.7647094726562, 718.4283447265625]","[1152.9464111328125, 915.0155639648438]","[701.8094482421875, 810.6763916015625]","[1074.6341552734375, 925.046142578125]","[948.287109375, 922.0875244140625]"
"[1115.12890625, 617.5820922851562]","[915.2041625976562, 610.1512451171875]","[1148.0799560546875, 773.7676391601562]","[821.693359375, 721.9785766601562]","[1152.43310546875, 916.1427001953125]","[711.8534545898438, 818.8648681640625]","[1075.362548828125, 924.633056640625]","[948.46142578125, 921.8880615234375]"
"[1115.0078125, 617.3089599609375]","[915.2852783203125, 611.2852783203125]","[1147.854736328125, 773.15673828125]","[823.5507202148438, 726.5682983398438]","[1151.67431640625, 916.7421875]","[716.3436279296875, 829.0494384765625]","[1075.38134765625, 923.8218994140625]","[948.742431640625, 921.4802856445312]"
"[1115.198974609375, 617.0015258789062]","[916.0955200195312, 611.2855834960938]","[1147.4176025390625, 773.549560546875]","[826.895263671875, 729.096435546875]","[1151.4501953125, 917.2586059570312]","[723.0819091796875, 835.6719970703125]","[1076.009521484375, 925.9967651367188]","[949.491455078125, 923.8111572265625]"
"[1117.6783447265625, 618.3134155273438]","[917.4157104492188, 613.3494873046875]","[1150.6226806640625, 772.726318359375]","[828.4569091796875, 733.88818359375]","[1153.460205078125, 913.4385986328125]","[735.2816772460938, 841.4269409179688]","[1076.3614501953125, 924.8702392578125]","[950.1238403320312, 923.1044311523438]"
"[1117.5260009765625, 618.1734619140625]","[917.2105712890625, 614.10205078125]","[1149.5435791015625, 772.057861328125]","[832.0428466796875, 736.6959228515625]","[1152.9884033203125, 914.06396484375]","[742.3603515625, 847.5972290039062]","[1076.8023681640625, 924.412353515625]","[950.3848876953125, 922.9256591796875]"
"[1116.5115966796875, 617.856201171875]","[917.11865234375, 614.0234375]","[1148.798095703125, 772.10400390625]","[836.729736328125, 738.9208984375]","[1152.2305908203125, 914.542236328125]","[750.2628173828125, 852.3806762695312]","[1076.2779541015625, 924.1700439453125]","[950.34619140625, 922.7642822265625]"
"[1116.7955322265625, 617.8670043945312]","[917.0279541015625, 615.3799438476562]","[1148.720947265625, 772.6947021484375]","[840.28564453125, 743.4781494140625]","[1151.4942626953125, 914.708984375]","[758.1951904296875, 858.4581298828125]","[1077.1142578125, 924.435302734375]","[950.6892700195312, 923.5938720703125]"
"[1113.773193359375, 616.498779296875]","[915.2291259765625, 613.8627319335938]","[1145.6324462890625, 772.114013671875]","[843.385986328125, 741.0648193359375]","[1149.13671875, 917.1448974609375]","[764.557373046875, 866.3304443359375]","[1077.12939453125, 926.2626342773438]","[950.1866455078125, 925.341552734375]"
"[1113.898193359375, 616.6551513671875]","[915.5216064453125, 613.855712890625]","[1144.2762451171875, 772.405029296875]","[848.5372924804688, 742.9872436523438]","[1147.81494140625, 917.7012939453125]","[772.5829467773438, 874.9329833984375]","[1076.7921142578125, 925.5335693359375]","[949.83154296875, 924.425537109375]"
"[1113.207763671875, 617.8306884765625]","[915.5905151367188, 615.1929321289062]","[1143.3216552734375, 772.961669921875]","[850.8446044921875, 746.314208984375]","[1145.9818115234375, 917.6968994140625]","[781.3641357421875, 880.1083374023438]","[1076.4189453125, 926.5152587890625]","[949.6961059570312, 925.4994506835938]"
"[1112.5341796875, 618.0445556640625]","[916.04638671875, 615.066162109375]","[1142.5162353515625, 772.4653930664062]","[855.8406982421875, 747.6971435546875]","[1144.773681640625, 918.710693359375]","[791.74267578125, 881.9437866210938]","[1074.977294921875, 925.7371826171875]","[948.5667724609375, 924.5176391601562]"
"[1112.3714599609375, 617.954833984375]","[915.7791137695312, 616.4365234375]","[1141.023681640625, 771.0496826171875]","[859.216064453125, 751.1844482421875]","[1143.8453369140625, 917.943359375]","[799.0888671875, 887.3375244140625]","[1075.601806640625, 925.4086303710938]","[948.7437744140625, 924.8553466796875]"
"[1113.27392578125, 617.40966796875]","[913.6983642578125, 617.3900146484375]","[1142.6436767578125, 769.9154663085938]","[860.41259765625, 755.719970703125]","[1145.82177734375, 918.9429931640625]","[805.3839111328125, 891.1810913085938]","[1076.4833984375, 921.4708251953125]","[947.86669921875, 921.177490234375]"
"[1116.269287109375, 619.4393920898438]","[910.9854736328125, 619.6697998046875]","[1142.062255859375, 772.752197265625]","[865.652587890625, 760.8262939453125]","[1143.9073486328125, 917.4803466796875]","[814.081787109375, 891.7440185546875]","[1079.244873046875, 924.2598266601562]","[946.6851806640625, 924.9768676757812]"
"[1116.3531494140625, 617.952880859375]","[912.6651611328125, 619.7880859375]","[1143.572998046875, 772.3214721679688]","[869.8643188476562, 764.5384521484375]","[1144.39501953125, 918.9369506835938]","[821.2386474609375, 896.514404296875]","[1078.8272705078125, 925.8568725585938]","[947.266357421875, 927.134521484375]"
"[1116.1953125, 617.9688720703125]","[911.95458984375, 619.8656616210938]","[1143.2275390625, 772.4701538085938]","[870.9752197265625, 765.245849609375]","[1143.50732421875, 918.7703857421875]","[829.1181640625, 898.116943359375]","[1078.554443359375, 925.4452514648438]","[946.6129150390625, 927.0093994140625]"
"[1116.2449951171875, 618.40087890625]","[911.41455078125, 620.431884765625]","[1143.01904296875, 774.2993774414062]","[872.416259765625, 766.98291015625]","[1142.705322265625, 919.1571044921875]","[838.530029296875, 900.2750244140625]","[1078.82958984375, 925.0790405273438]","[946.317626953125, 927.0054931640625]"
"[1116.378173828125, 619.562744140625]","[911.7526245117188, 620.9382934570312]","[1142.6912841796875, 777.0430297851562]","[875.4993896484375, 768.5625]","[1141.4193115234375, 919.5303955078125]","[844.033935546875, 902.6336059570312]","[1079.237060546875, 926.6689453125]","[946.7140502929688, 928.36572265625]"
"[1116.6036376953125, 619.6070556640625]","[912.0819091796875, 621.6666259765625]","[1142.3388671875, 777.0198974609375]","[878.632080078125, 769.8616333007812]","[1141.068115234375, 919.0680541992188]","[849.6165161132812, 904.3460693359375]","[1079.265869140625, 927.03173828125]","[946.5447998046875, 929.0333251953125]"
"[1116.3087158203125, 619.8238525390625]","[912.75439453125, 621.8645629882812]","[1141.876953125, 777.7080078125]","[880.5335693359375, 770.6592407226562]","[1140.2205810546875, 919.7498779296875]","[854.9485473632812, 904.686279296875]","[1078.854248046875, 926.5299072265625]","[946.7122802734375, 928.4818725585938]"
"[1115.9869384765625, 619.4799194335938]","[912.72412109375, 621.75]","[1141.730224609375, 777.381591796875]","[882.3011474609375, 771.5630493164062]","[1139.9239501953125, 920.263671875]","[858.114990234375, 907.3265380859375]","[1078.23291015625, 926.6737060546875]","[946.2493286132812, 928.7039794921875]"
"[1115.94384765625, 619.56640625]","[913.0874633789062, 621.8402099609375]","[1141.545654296875, 777.7849731445312]","[884.0051879882812, 772.0723876953125]","[1139.1639404296875, 920.4715576171875]","[860.8368530273438, 907.4769287109375]","[1078.304443359375, 926.1102294921875]","[946.6551513671875, 928.05712890625]"
"[1113.7969970703125, 617.7679443359375]","[913.7918701171875, 620.5305786132812]","[1141.4979248046875, 775.3548583984375]","[885.2638549804688, 769.1160888671875]","[1138.3310546875, 921.4154663085938]","[863.9600830078125, 907.011962890625]","[1076.097412109375, 925.7631225585938]","[947.23974609375, 927.4367065429688]"
"[1113.80517578125, 618.15771484375]","[913.998779296875, 620.371337890625]","[1141.766845703125, 776.438720703125]","[886.1192626953125, 769.391357421875]","[1137.81640625, 921.472900390625]","[865.1526489257812, 908.0011596679688]","[1075.7398681640625, 925.8507080078125]","[946.9561157226562, 927.3396606445312]"
"[1114.05224609375, 617.7590942382812]","[913.9623413085938, 620.2269287109375]","[1141.4119873046875, 775.231689453125]","[886.313720703125, 768.935302734375]","[1138.4630126953125, 920.9485473632812]","[866.43359375, 907.9676513671875]","[1076.158935546875, 925.2908935546875]","[947.1802368164062, 926.8955078125]"
"[1113.9019775390625, 618.0650024414062]","[914.024658203125, 620.2710571289062]","[1141.6844482421875, 775.478271484375]","[886.5595703125, 769.1709594726562]","[1138.6441650390625, 920.6409301757812]","[867.5716552734375, 908.26708984375]","[1076.326416015625, 924.9173583984375]","[947.462890625, 926.3783569335938]"
"[1114.1025390625, 618.2410888671875]","[914.302978515625, 620.5321044921875]","[1141.6654052734375, 775.85986328125]","[886.5311279296875, 769.4234619140625]","[1138.286865234375, 921.0802001953125]","[868.541259765625, 910.0240478515625]","[1076.4456787109375, 924.6978759765625]","[947.6004638671875, 926.244873046875]"
"[1114.0147705078125, 617.951171875]","[914.4383544921875, 620.6787109375]","[1142.2542724609375, 774.9727783203125]","[886.53515625, 769.8741455078125]","[1138.298095703125, 921.2059936523438]","[869.6546630859375, 911.1351318359375]","[1076.7408447265625, 925.2562255859375]","[948.1353149414062, 927.0400390625]"
"[1116.08447265625, 619.7671508789062]","[912.4783935546875, 622.05078125]","[1141.9346923828125, 774.4030151367188]","[886.17724609375, 773.1392211914062]","[1138.767822265625, 918.4315795898438]","[869.8416137695312, 915.9373779296875]","[1077.9234619140625, 924.474365234375]","[946.028076171875, 926.1223754882812]"
"[1116.25390625, 619.9794921875]","[913.0294189453125, 622.8016357421875]","[1141.9471435546875, 774.3857421875]","[885.7527465820312, 774.5400390625]","[1138.27685546875, 919.02392578125]","[871.2843017578125, 919.1757202148438]","[1078.3505859375, 926.3868408203125]","[946.6004638671875, 928.3253173828125]"
"[1116.5919189453125, 620.3004150390625]","[913.0609130859375, 622.8043212890625]","[1141.6417236328125, 775.1380615234375]","[886.221923828125, 774.9620361328125]","[1137.4482421875, 919.3572998046875]","[873.38818359375, 919.145751953125]","[1078.5238037109375, 925.9974975585938]","[946.416748046875, 927.8397216796875]"
"[1114.585205078125, 618.8720703125]","[915.526123046875, 621.8406372070312]","[1141.8525390625, 776.4468994140625]","[886.4111328125, 772.7528076171875]","[1136.9144287109375, 921.8504638671875]","[875.4554443359375, 916.342041015625]","[1076.758056640625, 925.8034057617188]","[948.32666015625, 927.8922729492188]"
"[1114.7303466796875, 619.1542358398438]","[915.5656127929688, 621.95166015625]","[1141.68798828125, 776.9752197265625]","[885.9296875, 773.41796875]","[1136.2371826171875, 921.5693359375]","[878.121826171875, 916.802490234375]","[1077.373779296875, 925.8035888671875]","[948.9036254882812, 927.9615478515625]"
"[1116.4888916015625, 619.903564453125]","[913.540283203125, 622.5692138671875]","[1141.682373046875, 775.1145629882812]","[886.6767578125, 776.598388671875]","[1136.7705078125, 919.03515625]","[880.3016357421875, 919.7828979492188]","[1080.2564697265625, 924.3601684570312]","[948.4130859375, 926.3955688476562]"
"[1116.3365478515625, 619.9708251953125]","[913.9063110351562, 622.05126953125]","[1142.962646484375, 776.3763427734375]","[886.7874755859375, 776.8023681640625]","[1136.8189697265625, 919.1548461914062]","[882.5180053710938, 919.7215576171875]","[1080.8673095703125, 924.36572265625]","[949.3162841796875, 926.2051391601562]"
"[1116.3218994140625, 620.0360717773438]","[913.813720703125, 622.1112060546875]","[1142.785400390625, 776.1917724609375]","[886.839599609375, 776.54248046875]","[1136.963623046875, 918.9561767578125]","[882.75732421875, 919.4776611328125]","[1080.8814697265625, 924.614013671875]","[949.2794189453125, 926.4871826171875]"
"[1116.6864013671875, 620.0051879882812]","[913.7945556640625, 622.0082397460938]","[1143.29296875, 775.8869018554688]","[886.6959228515625, 777.0819091796875]","[1137.38330078125, 919.3192749023438]","[885.5665283203125, 919.0431518554688]","[1081.473388671875, 924.6564331054688]","[949.5301513671875, 926.474609375]"
"[1116.728271484375, 619.9598388671875]","[913.7764892578125, 622.0115356445312]","[1143.308837890625, 775.7508544921875]","[886.6968994140625, 777.0596923828125]","[1137.4150390625, 919.3228759765625]","[885.5670776367188, 918.9725341796875]","[1081.50341796875, 924.7446899414062]","[949.5079345703125, 926.5782470703125]"
